timestamp,x,y,yaw,accel,steer
1731413663.4269695,3.7651880727475944,-1.7216316557827565,1.6563776632573926,0.0,0.0
1731413663.4602988,3.765197748088388,-1.721744178722537,1.6563761057107855,0.0,0.0
1731413663.5105402,3.7652120038515298,-1.721910017962548,1.656374080533045,0.0,0.0
1731413663.5605135,3.765225954644477,-1.7220723645047382,1.6563724216445435,0.0,0.0
1731413663.6104918,3.765239604765517,-1.7222312663182002,1.6563711210398058,0.0,0.0
1731413663.660472,3.765252958615023,-1.7223867726192847,1.656370170684757,0.0,0.0
1731413663.7105289,3.765266020682828,-1.7225389337243906,1.6563695625307842,0.0,0.0
1731413663.7604032,3.7652787955362226,-1.7226878009098083,1.6563692885279606,0.0,0.0
1731413663.8102927,3.7652912878085583,-1.722833426278456,1.6563693406374373,0.0,0.0
1731413663.860491,3.76530350218844,-1.7229758626333584,1.6563697108430322,0.0,0.0
1731413663.9105039,3.7653154434094973,-1.723115163357718,1.656370391162029,0.0,0.0
1731413663.9605243,3.7653271162407176,-1.7232513823014264,1.656371373655214,0.0,0.0
1731413664.0103703,3.7653385254773255,-1.7233845736738707,1.6563726504361762,0.0,0.0
1731413664.0603201,3.7653496759321987,-1.7235147919428733,1.656374213679885,0.0,0.0
1731413664.1103425,3.7653605724278023,-1.7236420917396096,1.656376055630593,0.07208731770515442,0.0
1731413664.160499,3.76535335674301,-1.7235584579257708,1.656378209425755,1.8482104539871216,0.0
1731413664.2106247,3.7650706717052578,-1.7183467971823103,1.655965497276281,2.3247313499450684,0.0
1731413664.2605116,3.763974352732397,-1.6965169867867638,1.6547604718894378,3.9925544261932373,0.0
1731413664.3105063,3.762483847050316,-1.6586529217961827,1.6544743111523985,3.9925544261932373,0.0
1731413664.3604712,3.7607872636482638,-1.6024851825203021,1.6539241252183965,3.9925544261932373,0.0
1731413664.4104464,3.7589209210116894,-1.5252121252578021,1.6536562979936138,3.9925544261932373,0.0
1731413664.4603822,3.7560423305352377,-1.4353223071870314,1.6507258037039734,3.9925544261932373,0.0
1731413664.5103452,3.7552289723695993,-1.3245803284546682,1.654503904445218,3.9925544261932373,0.0
1731413664.560396,3.753295639546932,-1.1987102976072233,1.654664639961927,3.8409340381622314,-0.059533800929784775
1731413664.6103654,3.7516297699772987,-1.0576924339289746,1.6557392117973004,3.8409340381622314,-0.08469074964523315
1731413664.6604354,3.747549762381656,-0.8971993733580708,1.6358162127080376,3.8409340381622314,-0.025775445625185966
1731413664.7104628,3.741328430129098,-0.7246469964210126,1.6232402086038162,3.8409340381622314,0.0
1731413664.760359,3.732697120935489,-0.5434182143265281,1.6194502758392442,3.8409340381622314,0.0
1731413664.8103611,3.7251106383908303,-0.3529338926146536,1.6100049911300598,3.8409340381622314,0.0
1731413664.8603773,3.719717610521451,-0.15673044844753517,1.6008186019864623,3.8409340381622314,0.0
1731413664.9104826,3.7128122224550086,0.04733078539259358,1.6033714922693982,3.8409340381622314,0.0
1731413664.9603965,3.705545381201179,0.25505779198545003,1.607827380071361,3.8409340381622314,-0.009205516427755356
1731413665.0103726,3.6976556260369207,0.46428323675224714,1.6080534319632607,3.8409340381622314,-0.009205516427755356
1731413665.0604475,3.690580690835182,0.677381416792144,1.605756327227545,3.8409340381622314,0.0
1731413665.1105275,3.683351575513073,0.8930261970065487,1.605236307985799,3.8409340381622314,0.0
1731413665.1605155,3.676166578992182,1.1088891479108713,1.604465817891056,3.8409340381622314,0.0
1731413665.2103808,3.6684359034707628,1.3267494611516384,1.6074992548487883,3.8409340381622314,0.0
1731413665.2605827,3.6602543408989936,1.5468995052590564,1.6104956203972953,3.8409340381622314,0.0
1731413665.3104818,3.651177006967285,1.7670189931401679,1.6115000101042627,3.8409340381622314,0.0
1731413665.360237,3.6420489884472214,1.987111774816257,1.6116530227765011,3.8409340381622314,0.0
1731413665.41044,3.632272521170336,2.2092099281871267,1.6174036449556775,3.8409340381622314,0.004904814064502716
1731413665.4604318,3.6210643735414223,2.431440384449626,1.6211063533752896,3.8409340381622314,0.017174040898680687
1731413665.510436,3.6075733147910807,2.6525996516490693,1.6323168492936266,3.8409340381622314,0.09265927970409393
1731413665.560333,3.592421196143067,2.87442751635376,1.6435150973880783,3.8409340381622314,0.09695997834205627
1731413665.6103814,3.5690774095613613,3.0979949114780405,1.6759758665502236,3.8409340381622314,0.14298756420612335
1731413665.6602776,3.53522819941937,3.319460180568624,1.725340483451044,3.256113052368164,0.25589898228645325
1731413665.7103672,3.489469550780042,3.5372766436092773,1.779836107516834,0.8012522459030151,0.33998560905456543
1731413665.760449,3.4345720466395995,3.748462557186412,1.8325718922252485,0.0,0.33998560905456543
1731413665.8104305,3.376611151702872,3.942846129789626,1.8792039978788981,-1.1046619415283203,0.33998560905456543
1731413665.8604505,3.3162797331680967,4.120755253574604,1.9390184393878644,-1.6534394025802612,0.33998560905456543
1731413665.9105039,3.2587923041659357,4.277694207583917,1.991139240669841,-1.7184195518493652,0.33998560905456543
1731413665.960402,3.2065269278838295,4.417310965044531,2.035727352489909,-1.7328031063079834,0.33998560905456543
1731413666.0104418,3.15288735500044,4.541868883945863,2.077367751322478,-1.7400795221328735,0.33998560905456543
1731413666.0603015,3.086398836707468,4.64049842623247,2.1468358638391414,-1.7400795221328735,0.33998560905456543
1731413666.11031,3.026931691407843,4.741149464385062,2.20356133611023,-1.7400795221328735,0.33998560905456543
1731413666.160374,2.9899597826905366,4.825757825978797,2.1926108625723346,-1.7400795221328735,0.33998560905456543
1731413666.2103121,2.952258467691351,4.896686993119641,2.146424210779373,-1.7400795221328735,0.33998560905456543
1731413666.2603643,2.903392853267666,4.951285852251893,2.1020649783826104,-1.7400795221328735,0.33998560905456543
1731413666.3102727,2.8794816064734303,4.998541333416354,1.998516355983134,-1.7400795221328735,0.33998560905456543
1731413666.360339,2.859904682341406,5.041036360945464,1.8813665045614194,-1.7400795221328735,0.33998560905456543
1731413666.410356,2.8308108210979404,5.0515943654162125,1.8010360031003287,-1.2058550119400024,0.3105279505252838
1731413666.4603498,2.8052115035577296,5.059172049055456,1.7284531660080011,-0.8592943549156189,0.2810703217983246
1731413666.5104492,2.7925699442570284,5.046284103663289,1.6196624828892079,-0.20949319005012512,0.1933014690876007
1731413666.5604048,2.7836365070962055,5.026219479721083,1.5096129261725975,-0.20949319005012512,0.20987139642238617
1731413666.610579,2.7793000233170964,4.996254084355336,1.451441688737981,-0.20949319005012512,0.25221675634384155
1731413666.6603572,2.7784427931329954,4.96279717406932,1.4291440529191874,-0.20949319005012512,0.25589898228645325
1731413666.71034,2.77800435660399,4.932895390306306,1.4035529778408595,-0.20949319005012512,0.25589898228645325
1731413666.7605298,2.7769764497517886,4.9055707776081166,1.379722040679438,-0.20949319005012512,0.25589898228645325
1731413666.810349,2.775451330076114,4.880379158618359,1.3576449851661256,-0.20949319005012512,0.17673152685165405
1731413666.8603885,2.773370489510166,4.857679593339691,1.338444534006804,-0.20949319005012512,0.11781622469425201
1731413666.9103584,2.7701387540249294,4.8373958835925395,1.327988042416949,-0.20949319005012512,0.009191133081912994
1731413666.9603598,2.7662309189616465,4.81818776516101,1.322692107749816,0.0,0.0
1731413667.010359,2.761865651181429,4.800910145896808,1.3223404573607702,0.0,0.0
1731413667.060391,2.758034228298042,4.785881329582043,1.322268592164107,0.0,0.030061764642596245
1731413667.1104488,2.7548281325871877,4.772801726344297,1.3213436007476211,0.028767239302396774,0.21847279369831085
1731413667.1604304,2.752917013285519,4.761679462682956,1.3153794449190306,0.028767239302396774,0.33998560905456543
1731413667.2104623,2.75188628759226,4.752791218450159,1.3072521841378424,0.028767239302396774,0.33998560905456543
1731413667.2603173,2.7512256151328875,4.745681411622811,1.2994060022592921,0.028767239302396774,0.33998560905456543
1731413667.3105376,2.7507328613114628,4.740643919029962,1.2939271111317412,0.028767239302396774,0.33998560905456543
1731413667.3603363,2.750375637754905,4.736870659305018,1.2895235950304518,0.028767239302396774,0.33998560905456543
1731413667.4101808,2.750096619791167,4.734042530089005,1.286219445922413,0.028767239302396774,0.33998560905456543
1731413667.46027,2.7498888158215213,4.731996884991389,1.2838265974242706,0.03604365885257721,0.33998560905456543
1731413667.5104384,2.7497461347335723,4.730619526754795,1.2822112755654058,0.5196717381477356,0.33998560905456543
1731413667.5603602,2.7498097844215414,4.731212617828985,1.2828253491822459,0.8301886916160583,0.33998560905456543
1731413667.6103725,2.750460165702579,4.737592877810018,1.2901160748995883,1.119045615196228,0.33998560905456543
1731413667.6603246,2.751748877120595,4.7517620978087995,1.3063257050289212,1.3067095279693604,0.33998560905456543
1731413667.710427,2.7533519876573145,4.774244524116352,1.3318330141879422,1.552246332168579,0.33998560905456543
1731413667.7604253,2.7545493672384653,4.805352721841734,1.366522040455828,1.552246332168579,0.33998560905456543
1731413667.810583,2.754606539895269,4.845892202524481,1.4096744591631178,1.552246332168579,0.33998560905456543
1731413667.8605149,2.75235626128268,4.8962631894120445,1.4668612814924922,1.9565106630325317,0.33998560905456543
1731413667.9104726,2.7461623205708006,4.953950046253762,1.5334135076665794,2.1587274074554443,0.33998560905456543
1731413667.9603271,2.735514954674658,5.019422491385794,1.6041896320999256,2.1587274074554443,0.33998560905456543
1731413668.010373,2.718434198282286,5.0930153068665955,1.684605433509924,2.1587274074554443,0.33998560905456543
1731413668.060324,2.6922058917444236,5.1729076076287654,1.7729896310842825,2.1587274074554443,0.33998560905456543
1731413668.1104207,2.656378656597095,5.256465292927628,1.8711774199937175,2.1587274074554443,0.33998560905456543
1731413668.1605103,2.6093524425128196,5.3401402482384945,1.9762781867434034,2.1587274074554443,0.33998560905456543
1731413668.2104912,2.549371051968185,5.423216675615281,2.090780995535397,2.1514511108398438,0.33998560905456543
1731413668.2605217,2.4806639145318727,5.503709141185874,2.1962218411988643,1.054065465927124,0.33998560905456543
1731413668.3104894,2.403046336460588,5.576115621499945,2.30307500325762,0.6712920069694519,0.33998560905456543
1731413668.360506,2.322591982373133,5.633845227764161,2.415132122204158,-0.6570776104927063,0.33998560905456543
1731413668.410519,2.2462145034707603,5.678048461699704,2.513521644996538,-1.3068788051605225,0.33998560905456543
1731413668.4603546,2.1793731188870984,5.714593483869519,2.5981250098204076,-1.7400795221328735,0.33998560905456543
1731413668.5104969,2.1244734098238385,5.744261219065308,2.6769029735113663,-1.7473559379577637,0.33998560905456543
1731413668.5604439,2.0814332803459665,5.769589975550966,2.737861953947583,-1.7473559379577637,0.33998560905456543
1731413668.610455,2.0780726859476717,5.761166055023626,2.7494885311828354,-1.7473559379577637,0.33998560905456543
1731413668.6604867,2.0909003672962183,5.753383450006069,2.7513137618785977,-1.7473559379577637,0.33998560905456543
1731413668.7103467,2.1198464000898123,5.747734394533327,2.7510794198629145,-1.7473559379577637,0.33998560905456543
1731413668.760354,2.1610137028175966,5.741337103008121,2.7309967607505587,-1.7473559379577637,0.33998560905456543
1731413668.8103864,2.211366336529312,5.72984495401212,2.6816622637176613,-1.465775489807129,0.33998560905456543
1731413668.8604162,2.2686046997408456,5.713562168708279,2.6293543952598437,-1.465775489807129,0.33998560905456543
1731413668.9104831,2.3296105841330346,5.694313845920486,2.575940685588202,0.0,0.33998560905456543
1731413668.9603848,2.3909747323294583,5.669410881780828,2.514961813470574,0.0,0.33998560905456543
1731413669.0104294,2.441257586894724,5.643355659821845,2.45596183286206,0.2093239724636078,0.33998560905456543
1731413669.0602977,2.481795428881895,5.619916275746394,2.402110423802221,0.9168288111686707,0.33998560905456543
1731413669.110526,2.5133339611420005,5.598794873635566,2.3585356230387284,1.674930214881897,0.33998560905456543
1731413669.1602561,2.5334997177173713,5.58351340488443,2.3381566678994563,2.259751319885254,0.33998560905456543
1731413669.2103324,2.5418459461149605,5.574331072794644,2.3398477220001186,3.4510533809661865,0.33998560905456543
1731413669.2603455,2.538093391264915,5.572241096032669,2.3781625773312554,3.7470176219940186,0.33998560905456543
1731413669.310356,2.522591467479711,5.574957827138506,2.4504217032770437,3.761570453643799,0.33998560905456543
1731413669.3603208,2.4918087360494368,5.580858229139096,2.554490842195249,3.8048903942108154,0.33998560905456543
1731413669.4104784,2.454782119506164,5.5909888168045985,2.6759028488948196,3.811997652053833,0.33998560905456543
1731413669.4601495,2.385223140063315,5.594104197515346,2.7841418653689405,3.8192739486694336,0.33998560905456543
1731413669.510331,2.3056900888654064,5.609899054026044,2.932533897189492,3.8265504837036133,0.33998560905456543
1731413669.5602825,2.217881308256316,5.6154902923779355,3.064808485024001,3.8265504837036133,0.33998560905456543
1731413669.6102917,2.1110028235439566,5.627092766219647,-3.0679295439803655,3.8265504837036133,0.33998560905456543
1731413669.660263,1.995230728257047,5.629875703671404,-2.9029836617528377,3.8265504837036133,0.33998560905456543
1731413669.7104428,1.8727110184390714,5.607647216580577,-2.702669384869889,3.537693500518799,0.3191149830818176
1731413669.7603004,1.7558423646535655,5.5840852929755,-2.541879723350589,3.053896188735962,0.2393290400505066
1731413669.8104005,1.6322543799427043,5.519908479679036,-2.316270186570571,1.4439462423324585,0.0
1731413669.860364,1.5131764860999994,5.452882160037325,-2.1026637691188954,1.4439462423324585,0.0
1731413669.9105036,1.4117314626691073,5.380295863896024,-1.9744966351885835,1.4439462423324585,0.0
1731413669.9604218,1.302288628456474,5.298959909367168,-1.7955419239910615,1.4439462423324585,0.0
1731413670.0104039,1.2171024508910273,5.216081112745168,-1.6100125129336462,1.4439462423324585,-0.14300194382667542
1731413670.0602722,1.151561379693271,5.13979280558108,-1.4561415281146988,1.4439462423324585,-0.23137490451335907
1731413670.110351,1.1007308612103401,5.048655378896889,-1.2965147304479667,1.4366698265075684,-0.3400000035762787
1731413670.1604667,1.0565504022087495,4.958648162407267,-1.185256477332291,0.7868685722351074,-0.3400000035762787
1731413670.2103546,1.0385127053291865,4.871782849831127,-1.1083017356946498,0.0,-0.3400000035762787
1731413670.2604058,1.0282753400480267,4.782133541558572,-1.0310586462033207,-0.916998028755188,-0.3400000035762787
1731413670.3103619,1.0300945694600194,4.701377075646386,-0.9723505141749063,-1.9422962665557861,-0.3400000035762787
1731413670.3603804,1.0343762693762926,4.632784236658817,-0.9289443085929531,-3.1552584171295166,-0.3400000035762787
1731413670.4104364,1.0380635141789551,4.591929771611441,-0.890450516298522,-3.20568585395813,-0.3400000035762787
1731413670.4605007,1.0412419952185878,4.561253710866173,-0.8451458839883587,-3.22023868560791,-0.3400000035762787
1731413670.5105264,1.040521658659301,4.55732301711515,-0.8132173790856566,-3.2346222400665283,-0.3400000035762787
1731413670.5604713,1.0503026181586401,4.560878432292433,-0.7291287164987212,-3.2346222400665283,-0.3400000035762787
1731413670.6104004,1.04055045159616,4.576984272959054,-0.6595177104829502,-3.2346222400665283,-0.3400000035762787
1731413670.660363,1.0249716004842426,4.610439806092561,-0.5742879987506444,-3.2346222400665283,-0.3400000035762787
1731413670.710495,1.0061197629384977,4.633853986284513,-0.4997329376934996,-3.2346222400665283,-0.3400000035762787
1731413670.7603192,0.9692306253502282,4.6658160061116085,-0.3952500955802675,-3.2346222400665283,-0.3400000035762787
1731413670.81038,0.9059652876208306,4.697459955137644,-0.28517483749754446,-3.2346222400665283,-0.3400000035762787
1731413670.8603382,0.825933248140339,4.732141974921047,-0.15510449603743526,-3.2346222400665283,-0.3400000035762787
1731413670.9104676,0.7407975305592079,4.765264438138725,-0.04054511382690433,-3.2346222400665283,-0.33938151597976685
1731413670.9604826,0.6187066435984694,4.796762820049529,0.08479590623988063,-3.2346222400665283,-0.33938151597976685
1731413671.010552,0.497525014302185,4.828254470831324,0.19485651095928258,-3.2346222400665283,-0.33569929003715515
1731413671.0603547,0.3613414590646997,4.845704551679603,0.29193164200243243,-3.2346222400665283,-0.33201709389686584
1731413671.1103923,0.22245526729646006,4.853470083191784,0.37892473407784794,-3.241898536682129,-0.33201709389686584
1731413671.1603243,0.08178418616394953,4.845168205387188,0.472708997657309,-3.241898536682129,-0.28537100553512573
1731413671.2103488,-0.06323941843568698,4.817316237781345,0.5882599935611599,-3.241898536682129,-0.1767459213733673
1731413671.2603998,-0.20677445698134678,4.772644369351667,0.698300764391252,-3.241898536682129,0.0
1731413671.3104439,-0.35337752262612865,4.714014063528201,0.8237434934751543,-3.241898536682129,0.0
1731413671.3604612,-0.4918144120270941,4.635982737898451,0.9183760872274052,-3.241898536682129,0.0
1731413671.4104624,-0.6288738885345618,4.546889838048878,0.99974524019661,-3.241898536682129,0.025761062279343605
1731413671.4604313,-0.7583254208601466,4.442804633685604,1.0590475349538884,-3.241898536682129,0.11781622469425201
1731413671.5102856,-0.8831689516819458,4.337611037477083,1.0959486276687316,-2.960318088531494,0.1933014690876007
1731413671.5603304,-0.9924824614360634,4.212962748969751,1.1195841949689707,0.0,0.33998560905456543
1731413671.6103601,-1.0969494866266705,4.094308130184579,1.110807197936734,0.6641848087310791,0.33998560905456543
1731413671.6604526,-1.1772241812376112,3.97177199386364,1.1365875079346341,1.8698705434799194,0.33998560905456543
1731413671.7104554,-1.2406790408763841,3.8561637339349097,1.1282677580763256,2.346391439437866,0.33998560905456543
1731413671.760487,-1.3085449099175386,3.7432894861142154,1.1204288926009909,2.866232395172119,0.33998560905456543
1731413671.810521,-1.3668906618443255,3.659554386327458,1.166913351944521,2.866232395172119,0.33998560905456543
1731413671.8604858,-1.4284038201654397,3.5827732849572573,1.2065752210435947,2.866232395172119,0.33998560905456543
1731413671.910523,-1.4725065539881634,3.527088825111245,1.3048193267781099,2.866232395172119,0.33998560905456543
1731413671.9604611,-1.5419133433436727,3.5040385114941737,1.3536007827673473,2.866232395172119,0.33998560905456543
1731413672.010452,-1.5952737068713434,3.482572006138884,1.4685417197532564,2.866232395172119,0.33998560905456543
1731413672.060434,-1.6494593006644023,3.4615330786586056,1.5785561829242163,2.866232395172119,0.33998560905456543
1731413672.1104434,-1.6913062084878054,3.4425796658711203,1.7297571594800307,2.866232395172119,0.33998560905456543
1731413672.1604323,-1.748670149515258,3.474240957788146,1.8390197779812196,2.866232395172119,0.33998560905456543
1731413672.210486,-1.8067768241195523,3.514567779958349,1.9389957972910306,2.866232395172119,0.33998560905456543
1731413672.2604806,-1.8581680485496817,3.571869514824585,2.059852209848452,2.866232395172119,0.33998560905456543
1731413672.3104305,-1.9148792546869264,3.6348312825892712,2.195287835065726,2.866232395172119,0.33998560905456543
1731413672.3603966,-1.9897698195803917,3.702300508044878,2.375805653752309,2.866232395172119,0.33998560905456543
1731413672.4104686,-2.0750512994539108,3.7666855866489133,2.5333635317849605,2.866232395172119,0.33998560905456543
1731413672.4604554,-2.1712490821239467,3.825776570515564,2.665046664072562,2.866232395172119,0.30622726678848267
1731413672.510373,-2.282670186811715,3.87799739067959,2.7641609208842137,2.866232395172119,0.25589898228645325
1731413672.560532,-2.40127363389605,3.9244350507148544,2.83453523139358,2.866232395172119,0.25589898228645325
1731413672.6104202,-2.5334397298002775,3.9637957016822263,2.873070368335302,2.866232395172119,0.2810703217983246
1731413672.660505,-2.670053673366315,3.9955932419195754,2.914933385439638,2.866232395172119,0.28167441487312317
1731413672.7104928,-2.8112873149458615,4.017703822420665,2.9986471153948813,2.866232395172119,0.26450037956237793
1731413672.7604988,-2.9561559178107677,4.0272285237059195,3.0685932142194607,2.866232395172119,0.1847144365310669
1731413672.810494,-3.10433642201684,4.022899603421685,-3.134445813878121,2.866232395172119,0.08897706866264343
1731413672.860459,-3.25638437071326,4.009578858679398,-3.073557904986684,2.866232395172119,0.050932396203279495
1731413672.910541,-3.411985136187419,3.9921213092330072,-3.0366025164006505,2.866232395172119,0.13438615202903748
1731413672.9604173,-3.5703131072834857,3.967927937144358,-2.9980295079424515,2.866232395172119,0.30622726678848267
1731413673.010344,-3.7262712109501326,3.9328887682377935,-2.9357641722926404,2.866232395172119,0.33998560905456543
1731413673.0604725,-3.882123231157835,3.8863846015849384,-2.8642672132331275,2.866232395172119,0.33998560905456543
1731413673.110538,-4.033758884278618,3.8303820706895935,-2.7973415205191476,2.866232395172119,0.33998560905456543
1731413673.1604927,-4.183707009026395,3.762073494475472,-2.7316255202025954,2.866232395172119,0.33998560905456543
1731413673.210527,-4.326017429581339,3.6857028543335026,-2.665520087082616,2.866232395172119,0.33998560905456543
1731413673.2605162,-4.4666173810558805,3.600345392076824,-2.580041265614938,2.866232395172119,0.33998560905456543
1731413673.3105495,-4.5967961513694435,3.5079042271085488,-2.506843922582138,2.866232395172119,0.33998560905456543
1731413673.3604877,-4.720791537261412,3.4028714428757336,-2.442839677095809,2.866232395172119,0.33998560905456543
1731413673.4105434,-4.835100536245516,3.2905442649516177,-2.374690298744447,2.866232395172119,0.33998560905456543
1731413673.4603887,-4.940290354613883,3.169705970606543,-2.307134407086122,2.866232395172119,0.33998560905456543
1731413673.5104864,-5.038112335752246,3.0443529422052755,-2.2247734461053286,2.866232395172119,0.33998560905456543
1731413673.56034,-5.12390317721032,2.9112725588862314,-2.1533487375494107,2.866232395172119,0.33998560905456543
1731413673.6103745,-5.19802099964122,2.773355171803461,-2.067469081626208,2.866232395172119,0.33998560905456543
1731413673.6603277,-5.258966535552523,2.6302908472541877,-1.9839411395089317,2.866232395172119,0.33998560905456543
1731413673.7103345,-5.307914288968074,2.483789959991545,-1.8885781810990374,2.866232395172119,0.33998560905456543
1731413673.7603319,-5.341016287155837,2.3343360020223334,-1.7921744344649122,2.866232395172119,0.33998560905456543
1731413673.8103652,-5.360445860484048,2.1827979295386863,-1.6855290239733849,2.866232395172119,0.3356849253177643
1731413673.8603187,-5.362310718719801,2.029307405082713,-1.5774506539055608,2.8735086917877197,0.30192655324935913
1731413673.9105222,-5.346311649448099,1.874736095015514,-1.462366546355636,2.8735086917877197,0.19760216772556305
1731413673.960458,-5.315280043549816,1.7214074195464448,-1.3573042761881318,2.8735086917877197,0.13438615202903748
1731413674.0105367,-5.268741583178598,1.5652860944534195,-1.2688133731361873,2.8735086917877197,0.09695997834205627
1731413674.0604439,-5.21235452013665,1.4106849056116553,-1.2048189161094474,2.8735086917877197,0.025761062279343605
1731413674.1103194,-5.146543216267603,1.259885455697681,-1.1519597056623476,2.8735086917877197,0.0
1731413674.160498,-5.0761693693768235,1.1098458454889117,-1.1349130589815246,2.8735086917877197,-0.13931973278522491
1731413674.2102928,-5.006181988338742,0.9584120024890448,-1.1356243324561417,2.8735086917877197,-0.18963363766670227
1731413674.2604504,-4.94059693009597,0.8060687255466266,-1.1607921448771168,2.8735086917877197,-0.24794483184814453
1731413674.3104768,-4.884126298262068,0.6517091280505081,-1.210612050689048,2.8735086917877197,-0.24794483184814453
1731413674.3604348,-4.837555836463602,0.4932453501377677,-1.271238257373299,2.8735086917877197,-0.14300194382667542
1731413674.4104676,-4.803116829881941,0.335045493084382,-1.3591528212671187,2.8735086917877197,-0.10986208915710449
1731413674.4604905,-4.780010064603291,0.17237041419584873,-1.4322446083608529,2.8735086917877197,0.0
1731413674.510453,-4.765936995007604,0.009206997788118457,-1.4704451840084158,2.8735086917877197,0.0
1731413674.5604568,-4.7497505094678285,-0.15645238012092616,-1.4767094209798617,2.8735086917877197,0.0
1731413674.6104374,-4.734828374968591,-0.3222041037935856,-1.4793734490845891,2.8735086917877197,0.0
1731413674.6604943,-4.7194490937465154,-0.48883095704579915,-1.4784330391870733,2.8735086917877197,0.0
1731413674.7105582,-4.704273419791659,-0.6557378727141567,-1.479066017527396,2.8735086917877197,0.0
1731413674.7604864,-4.688854337245406,-0.8231613853959213,-1.4794605738266187,2.8735086917877197,0.0
1731413674.8105876,-4.673342141924078,-0.9907112687812641,-1.4783785936814877,2.8735086917877197,0.0
1731413674.8605149,-4.658039703660291,-1.15787117686503,-1.4796662703519603,2.8735086917877197,0.0
1731413674.9105997,-4.642437554860282,-1.3262845932722693,-1.476187997855498,2.8735086917877197,0.0
1731413674.9604208,-4.626771692185638,-1.4927705748540454,-1.4771210799070216,2.8735086917877197,0.0
1731413675.0105622,-4.610670754347137,-1.6612401368427745,-1.4751210286604117,2.8735086917877197,0.0
1731413675.0605268,-4.5951491796653405,-1.8284458741382565,-1.477617663903181,2.8735086917877197,0.0
1731413675.1104171,-4.579045833329545,-1.9969217286562553,-1.4737172695426557,2.8735086917877197,0.0
1731413675.1605198,-4.563289618490794,-2.1645580838710043,-1.4757730301501844,2.8735086917877197,0.0
1731413675.2104897,-4.546467584353097,-2.3332083898109017,-1.4724790289408958,2.8735086917877197,0.06750232726335526
1731413675.260442,-4.529186503220934,-2.5015724228468055,-1.4683103852033028,2.8735086917877197,0.2141720950603485
1731413675.3104832,-4.50396287242106,-2.6685441467997384,-1.4297431917831727,2.8735086917877197,0.27676960825920105
1731413675.3603828,-4.4720344164102785,-2.832632969547843,-1.3805133034688124,2.8735086917877197,0.33998560905456543
1731413675.4104183,-4.427593838121581,-2.994529016578407,-1.322127943054422,2.8735086917877197,0.33998560905456543
1731413675.460346,-4.374662396888581,-3.155032834340614,-1.2596851643548337,2.8735086917877197,0.33998560905456543
1731413675.5102873,-4.309813615090573,-3.3096783896110753,-1.1942098013620257,2.8735086917877197,0.33998560905456543
1731413675.5606084,-4.237405427646129,-3.461580184290665,-1.131278561786413,2.8735086917877197,0.33998560905456543
1731413675.6104994,-4.156257258426344,-3.60565885257318,-1.0720091228143378,2.8735086917877197,0.33998560905456543
1731413675.660327,-4.068131127884129,-3.748728854048464,-1.0055661439231944,2.8735086917877197,0.33998560905456543
1731413675.710462,-3.9677718890477944,-3.8814066600543544,-0.9325218910232573,2.8806159496307373,0.33998560905456543
1731413675.760392,-3.8637726911135584,-4.0090499072512396,-0.862810770088398,2.8806159496307373,0.33998560905456543
1731413675.8104634,-3.749544123953221,-4.12424048969219,-0.7832534225725158,2.8951687812805176,0.33998560905456543
1731413675.860467,-3.627040780320656,-4.231572856624888,-0.7242767620692823,3.6893138885498047,0.33998560905456543
1731413675.9104536,-3.4968150652860137,-4.329052314539242,-0.6369034578218056,3.941957950592041,0.33998560905456543
1731413675.960471,-3.3632638667283175,-4.420808952084737,-0.5576077306062865,3.941957950592041,0.33998560905456543
1731413676.0104551,-3.21673239926971,-4.503724088605952,-0.4577013653870206,3.941957950592041,0.33998560905456543
1731413676.060418,-3.061406978530239,-4.5748709246575725,-0.35683107712102896,3.9492342472076416,0.33998560905456543
1731413676.1104484,-2.903174933765789,-4.639592414731917,-0.24443106685293314,3.9492342472076416,0.33998560905456543
1731413676.1604705,-2.7382330020722288,-4.68222527822293,-0.11431926767259608,3.9492342472076416,0.33998560905456543
1731413676.2104597,-2.568957672400256,-4.7138802118515555,0.03993803549102958,3.537693500518799,0.33998560905456543
1731413676.2602916,-2.4016160295104654,-4.722747511050569,0.1632107873753796,2.9455959796905518,0.30192655324935913
1731413676.3103437,-2.2387157095477983,-4.732343972873426,0.2662807487554153,2.7652084827423096,0.1638438105583191
1731413676.360423,-2.0613778115031365,-4.7078740812034665,0.4582518817660051,2.7652084827423096,0.034362468868494034
1731413676.410304,-1.899904152273953,-4.663870819599388,0.5757845176065618,1.6605465412139893,0.0
1731413676.4603293,-1.736064764766312,-4.620576953472377,0.7028654429328076,1.0973855257034302,0.0
1731413676.510332,-1.5725405521325517,-4.576163745339058,0.8412737565927375,0.7795921564102173,-0.10986208915710449
1731413676.560324,-1.4339238817184143,-4.514653068961358,0.9739337628290532,0.7795921564102173,-0.1681589037179947
1731413676.6102605,-1.303279578198236,-4.447826453445884,1.1105899484622768,0.7795921564102173,-0.22707420587539673
1731413676.6602752,-1.2026613878992576,-4.391359733970877,1.1843379400941887,0.7795921564102173,-0.23934343457221985
1731413676.7102897,-1.1099856325274409,-4.326882830123744,1.3068633889895502,0.7795921564102173,-0.27740249037742615
1731413676.7603486,-1.0276993701627946,-4.258096586374933,1.4525100080649267,0.7795921564102173,-0.2816888093948364
1731413676.8103719,-0.9709245759780588,-4.197128910347781,1.5362654437957526,0.7795921564102173,-0.30255943536758423
1731413676.860322,-0.9217244116586892,-4.127275211986977,1.6586538188549047,0.7795921564102173,-0.30255943536758423
1731413676.9105055,-0.8927115287422892,-4.063032283107008,1.7357324818577191,0.7724849581718445,-0.30255943536758423
1731413676.9605026,-0.8740982234909538,-3.995650903459842,1.7965999584188037,0.7724849581718445,-0.30255943536758423
1731413677.0105226,-0.8647168600721992,-3.9313765798228357,1.8160738451220055,0.7652085423469543,-0.30686014890670776
1731413677.0604331,-0.8599305021506706,-3.870507153674228,1.8159381380034045,0.7652085423469543,-0.30686014890670776
1731413677.1104803,-0.8586637334480913,-3.813600230836422,1.7974440865897967,0.05042727664113045,-0.31114646792411804
1731413677.1605623,-0.8586518448209719,-3.761763760439484,1.7587263733681855,0.05042727664113045,-0.31114646792411804
1731413677.2104714,-0.8584735782438832,-3.7183889169978963,1.714934111367879,0.04315085709095001,-0.3154471516609192
1731413677.2604694,-0.8569842707326535,-3.683071986597504,1.6760118232623007,0.03604365885257721,-0.3154471516609192
1731413677.3104875,-0.8544504550752916,-3.6525205622171883,1.642502642381505,0.03604365885257721,-0.31114646792411804
1731413677.3605587,-0.8515342096600982,-3.62673668325762,1.6141837892877908,0.0,-0.2816888093948364
1731413677.4105453,-0.8487015707883708,-3.605067454912113,1.5914941275842516,0.0,-0.28108468651771545
1731413677.4604723,-0.846146086325227,-3.5872967965004836,1.573752124405544,0.0,-0.2645147740840912
1731413677.5104363,-0.8438593512530643,-3.5723416906828453,1.5595002005786345,0.0,-0.19331584870815277
1731413677.5603318,-0.8420861543890973,-3.5595049344799667,1.5495074571602352,0.0,-0.1890295296907425
1731413677.6101458,-0.8406018317290506,-3.5482867136281158,1.541923401534711,0.0,-0.14300194382667542
1731413677.660281,-0.8394295809165876,-3.538561818595629,1.5364340338210185,-0.24553684890270233,-0.10556138306856155
1731413677.710348,-0.8386096807849218,-3.530799482109494,1.533025970665519,-0.24553684890270233,0.0
1731413677.760271,-0.838168344852761,-3.5257991077473982,1.531567456260249,-0.24553684890270233,0.09265927970409393
1731413677.8103247,-0.8381553067226469,-3.5241790034168723,1.531841434004685,-0.24553684890270233,0.19760216772556305
1731413677.8603003,-0.8380767987635962,-3.524608194614087,1.5312932895767364,-0.24553684890270233,0.32709789276123047
1731413677.9102883,-0.8377683782144801,-3.527310285646363,1.5287199148249029,-0.24553684890270233,0.33998560905456543
1731413677.9604158,-0.8372436999263428,-3.531224122532473,1.5243652269683035,-0.24553684890270233,0.33998560905456543
1731413678.010553,-0.8365674955828603,-3.536399573866449,1.5185321231609044,-0.24553684890270233,0.33998560905456543
1731413678.060428,-0.8357312243899063,-3.5428168622184004,1.5111315588623944,-0.24553684890270233,0.33998560905456543
1731413678.110548,-0.8349065309570589,-3.550260755709681,1.503037981979288,-0.25281327962875366,0.33998560905456543
1731413678.160362,-0.8339214731968901,-3.5591037797467044,1.4929246565022387,-0.25281327962875366,0.33998560905456543
1731413678.2103603,-0.8329708069110335,-3.5686339293636347,1.4820571504749536,-0.9530417323112488,0.33998560905456543
1731413678.2604318,-0.8318210102935477,-3.581412800123973,1.4673286454486159,-0.967594563961029,0.33998560905456543
1731413678.3103664,-0.8303675642477574,-3.6011602405653007,1.4444385966178863,-0.967594563961029,0.33998560905456543
1731413678.3604198,-0.8291521593699644,-3.6258084717394037,1.415659453112414,-0.981978178024292,0.33998560905456543
1731413678.4104605,-0.8285913349890821,-3.6548776449531726,1.382288726774122,-1.574075698852539,0.33998560905456543
1731413678.4604206,-0.8293387653292312,-3.6914881414983407,1.3436872526813517,-1.574075698852539,0.33998560905456543
1731413678.5104654,-0.831676450520233,-3.73657967915413,1.2943465446942648,-1.574075698852539,0.33998560905456543
1731413678.56041,-0.8374260143366083,-3.788575321374735,1.2349440428347218,-1.574075698852539,0.33998560905456543
1731413678.6103754,-0.8479609460101165,-3.8476374334437113,1.1664120868546068,-1.574075698852539,0.33998560905456543
1731413678.6604218,-0.8641395755931138,-3.9115341349720376,1.0901264102653951,-1.574075698852539,0.33998560905456543
1731413678.7104485,-0.8868759600544213,-3.9777269267527346,1.0092800952906769,-1.574075698852539,0.33998560905456543
1731413678.7604065,-0.9156320405322809,-4.0446930198758615,0.9270879677820549,-1.574075698852539,0.33998560905456543
1731413678.8104017,-0.9515199911484883,-4.111755347402288,0.8378370559399242,-1.574075698852539,0.33998560905456543
1731413678.8604758,-0.9955633471353629,-4.178390426492157,0.7439935861588822,-1.574075698852539,0.32709789276123047
1731413678.91047,-1.0467345891400648,-4.241149291685441,0.653400261718369,-1.574075698852539,0.3258608877658844
1731413678.960487,-1.1041734875692684,-4.299877493174762,0.560865815748989,-1.574075698852539,0.27308741211891174
1731413679.0104508,-1.168704402436704,-4.35471649105189,0.4644062737175414,-1.2129621505737305,0.1264176368713379
1731413679.0603335,-1.2399436885586073,-4.402783080131997,0.3806963255776854,0.0,0.0
1731413679.1105204,-1.3097698601690324,-4.439973735980976,0.3158395032247327,0.8662323355674744,-0.0718030259013176
1731413679.160338,-1.3741924577210844,-4.46676068790373,0.27446647293518395,1.5016498565673828,-0.07304002344608307
1731413679.2106376,-1.4283935270097945,-4.486476926352696,0.2639295924514359,2.165834665298462,-0.10126068443059921
1731413679.2603052,-1.466288292777513,-4.506455458689656,0.26556058872592475,2.8806159496307373,-0.11414840817451477
1731413679.3102903,-1.4870434523826275,-4.524975578308993,0.26239419589711094,3.5953972339630127,-0.13071833550930023
1731413679.3603504,-1.487547827396368,-4.543176719093663,0.2607750397471336,3.9131906032562256,-0.13011422753334045
1731413679.4103549,-1.474974569942755,-4.558724602977503,0.2511754617406402,3.920297861099243,-0.12643201649188995
1731413679.4603145,-1.4352638411174008,-4.573683345154332,0.20775991189337986,3.9275741577148438,-0.11414840817451477
1731413679.5104141,-1.3888535019693211,-4.590300435531892,0.1754038883579344,3.9348506927490234,-0.08899145573377609
1731413679.5603063,-1.3322954932036248,-4.6026885759986795,0.13190149848613636,3.941957950592041,-0.07610373198986053
1731413679.610433,-1.2525799957511548,-4.616492936806723,0.08097172876925432,3.941957950592041,-0.042963869869709015
1731413679.6602077,-1.1522048078286315,-4.6295172451170075,0.033533557245213966,3.941957950592041,0.0
1731413679.7103214,-1.0382800225866522,-4.645224490783169,-0.014050427828435469,3.941957950592041,0.0
1731413679.7603881,-0.9004107968776665,-4.660746076116735,-0.05610721115971917,3.941957950592041,0.0
1731413679.8102858,-0.7436915052346253,-4.6758210879072415,-0.1062079299013238,3.941957950592041,0.0
1731413679.8604267,-0.5876013040621055,-4.691704176149409,-0.14866988355955402,3.941957950592041,0.0
1731413679.9104805,-0.41127250874055454,-4.71295940013785,-0.13522816873936472,3.941957950592041,0.0
1731413679.9604425,-0.22535580706832065,-4.73645226551433,-0.12183848014128902,3.941957950592041,0.0
1731413680.0104082,-0.03109964356368914,-4.758824674176922,-0.12555993053261272,3.941957950592041,0.055218715220689774
1731413680.0603878,0.17093992774563846,-4.7814837608681975,-0.11368405114761385,3.941957950592041,0.09695997834205627
1731413680.1103413,0.3785633688239191,-4.801479574706021,-0.09406500288139544,3.790337562561035,0.19760216772556305
1731413680.160326,0.5921924196828862,-4.814443486189289,-0.05929032496152992,3.790337562561035,0.1982206553220749
1731413680.2105005,0.8062731477607445,-4.8173036591295775,-0.0075529136402931185,3.790337562561035,0.1933014690876007
1731413680.2603137,1.0202927307872416,-4.807786402915506,0.04887735190191417,3.790337562561035,0.1810322403907776
1731413680.3103352,1.2331620847458198,-4.781506680582778,0.1211504615220759,3.790337562561035,0.16814450919628143
1731413680.360441,1.4476597990539817,-4.742512106325946,0.19809644996229853,3.790337562561035,0.1558752804994583
1731413680.4104066,1.6602367807058296,-4.687310255649866,0.2645113580964877,3.790337562561035,0.138686865568161
1731413680.460454,1.8661223604796169,-4.621018727021041,0.31583623278939327,3.790337562561035,0.138686865568161
1731413680.5103617,2.071126914178007,-4.54220982284779,0.3773649859138983,3.790337562561035,0.1595574915409088
1731413680.5604608,2.2719427303030666,-4.450861009258,0.4393981704076333,3.790337562561035,0.1810322403907776
1731413680.6103868,2.466204075488774,-4.3482739618642405,0.49300815806114556,3.790337562561035,0.25221675634384155
1731413680.660414,2.6553255691777804,-4.2368249493211225,0.5347408676354717,3.790337562561035,0.29395803809165955
1731413680.710321,2.839202940906417,-4.115254462661238,0.5939831470796623,3.790337562561035,0.32341569662094116
1731413680.7603612,3.0123429943059286,-3.9820817749574697,0.6608732537551578,3.790337562561035,0.32341569662094116
1731413680.8103802,3.1778262716951287,-3.846899791928783,0.7172297900864244,3.790337562561035,0.30929097533226013
1731413680.8602705,3.332832128723289,-3.7019397031274255,0.7718746247703446,3.790337562561035,0.3117505609989166
1731413680.9103227,3.4767789378947462,-3.548172756423115,0.8419487054361078,3.790337562561035,0.3154327869415283
1731413680.9605074,3.6110369167643057,-3.389891737743996,0.9149005074532938,3.790337562561035,0.3191149830818176
1731413681.0105298,3.734937444156205,-3.226437492578518,0.9791285653980095,3.790337562561035,0.30622726678848267
1731413681.060463,3.844170483000399,-3.0547486365305274,1.0526373942036464,3.790337562561035,0.2810703217983246
1731413681.110479,3.9423596443219284,-2.8773963064278982,1.1170055774721532,3.790337562561035,0.2798333168029785
1731413681.1604652,4.031142801965216,-2.6962154016919775,1.1820086445567801,3.790337562561035,0.2859751284122467
1731413681.2104812,4.104671928402838,-2.510347595727997,1.2473242130156936,3.790337562561035,0.2982443571090698
1731413681.26036,4.1625188836165625,-2.319037812796593,1.3327464030504805,3.790337562561035,0.2982443571090698
1731413681.3103416,4.209948407899701,-2.1250834253499424,1.4100145361847114,3.790337562561035,0.26450037956237793
1731413681.3603356,4.236046545764146,-1.9312736385002525,1.487530393562484,3.790337562561035,0.16814450919628143
1731413681.4103267,4.247214861012134,-1.734337680559347,1.5863921847845313,3.790337562561035,0.055218715220689774
1731413681.4603124,4.246867808268325,-1.5396223336857235,1.6542348706983419,3.790337562561035,0.0
1731413681.510429,4.2291047305446705,-1.3394150969314145,1.6926752332403892,3.790337562561035,0.0
1731413681.560298,4.205659842528934,-1.1298771730552486,1.7030262611560298,3.790337562561035,0.0
1731413681.6104212,4.178387483500218,-0.9149419592491953,1.7076206586393061,3.790337562561035,0.0
1731413681.660491,4.148701413951982,-0.7016146104173357,1.709725763453447,3.790337562561035,-0.08040443062782288
1731413681.7102935,4.119465689795993,-0.4859802356181935,1.7031297794082492,3.790337562561035,-0.08040443062782288
1731413681.7603538,4.097825000181438,-0.2674909543282636,1.6729126849972429,3.790337562561035,-0.06751670688390732
1731413681.8102925,4.08500118415532,-0.048621090214164074,1.6341979274507565,3.790337562561035,-0.06751670688390732
1731413681.8604798,4.07975845580871,0.1709100386098821,1.5931912232889265,3.790337562561035,0.0
1731413681.9105866,4.081730156183179,0.3918827109983647,1.5673401646611111,3.790337562561035,0.0
1731413681.960487,4.0848430780710165,0.6129029283238017,1.5611998750743443,3.790337562561035,0.0
1731413682.0104733,4.087100824362812,0.8343181336058447,1.5549981462466949,3.790337562561035,0.0
1731413682.0604088,4.091129734381434,1.055072591253348,1.5528939857937634,3.790337562561035,0.0
1731413682.1104255,4.095947328678309,1.2780201435934802,1.557622205006282,3.790337562561035,0.0
1731413682.1605055,4.099231847998847,1.4992993434571378,1.5578283199167193,3.790337562561035,0.0
1731413682.2105153,4.100969434179898,1.7217022650137372,1.562472186385639,3.790337562561035,0.0
1731413682.260392,4.102983139433786,1.9444349567781525,1.565959686770111,3.1550893783569336,0.1810322403907776
1731413682.3102872,4.100898940435151,2.1669505260537565,1.5833750082779623,2.29579496383667,0.26450037956237793
1731413682.3604033,4.093861905100434,2.385192030373817,1.6285800436052784,1.0107454061508179,0.33998560905456543
1731413682.4103515,4.076304322833087,2.593955626313369,1.6894869373285903,0.5702682137489319,0.33998560905456543
1731413682.460323,4.051261818674358,2.788044102813239,1.7772422377562116,0.0,0.33998560905456543
1731413682.5103054,4.027224194772479,2.962962970552951,1.864828932329906,0.0,0.33998560905456543
1731413682.5604045,4.003694490986256,3.1248052092570386,1.9518222623930852,0.0,0.33998560905456543
1731413682.610376,3.9830146199022725,3.2617440232383488,2.0263078093524904,0.0,0.33998560905456543
1731413682.6603198,3.955452473370439,3.3853402944251187,2.1329177638421863,0.0,0.33998560905456543
1731413682.7103577,3.938697743610327,3.498914806510633,2.2013648018372334,0.0,0.33998560905456543
1731413682.7603254,3.909747965899736,3.5792913236921313,2.309935629502401,0.0,0.33998560905456543
1731413682.81034,3.887742133692652,3.6526210082973036,2.3949090133728936,0.9241052269935608,0.33998560905456543
1731413682.8603497,3.8662275169395457,3.7143345933307272,2.485154511380081,2.1514511108398438,0.33998560905456543
1731413682.9103644,3.8406105422617736,3.7520079062537173,2.582431775328102,3.739910364151001,0.23074202239513397
1731413682.9604306,3.801724898548784,3.7875860189347,2.6658245225093107,3.941957950592041,0.1810322403907776
1731413683.0104413,3.744140865927868,3.8217278133284376,2.7414036431672337,3.941957950592041,0.17980962991714478
1731413683.0603392,3.6670290891830652,3.8581248690375474,2.8249568923533417,3.9492342472076416,0.17980962991714478
1731413683.11047,3.576200036084258,3.891447780754236,2.895475589136543,3.9492342472076416,0.17612741887569427
1731413683.1602743,3.464415764816644,3.9252222892282633,2.976336759779348,3.9492342472076416,0.1558752804994583
1731413683.2104154,3.3435380631335083,3.959776708536811,3.048954340034103,3.9492342472076416,0.09265927970409393
1731413683.2603073,3.202364222910215,3.9876149913602537,3.113621237962496,3.9492342472076416,0.050932396203279495
1731413683.3104317,3.05379112346699,4.011879713017872,3.1364221746241316,3.9492342472076416,0.0
1731413683.3602674,2.890877197463173,4.032561272445974,3.1098500782424634,3.9492342472076416,0.0
1731413683.4104292,2.7140260038940633,4.048975302056349,3.081206855474715,3.9492342472076416,0.0
1731413683.4604235,2.5257602255733778,4.0639256034837565,3.063782657060973,3.9492342472076416,0.0
1731413683.51038,2.326246145490691,4.078126258268533,3.06377405375219,3.9492342472076416,0.0
1731413683.5603988,2.120354709443747,4.092565785842901,3.0726087935146644,3.9492342472076416,-0.004919197876006365
1731413683.6105168,1.9096286303852612,4.107244985230166,3.0738401045460266,3.9492342472076416,-0.05094677954912186
1731413683.6605635,1.6942244506358177,4.124927353215267,3.0569343738811052,3.9492342472076416,-0.05094677954912186
1731413683.7106297,1.4766693064164458,4.148277910758448,3.0315941974539267,3.9492342472076416,-0.025775445625185966
1731413683.7603254,1.258503386954683,4.1777400341780355,3.0052674339005256,3.9492342472076416,0.0
1731413683.810328,1.0378157509752988,4.213231834052088,2.983270682264721,3.9492342472076416,0.0
1731413683.8604276,0.815129296826396,4.24834349819728,2.981191357803209,3.9492342472076416,0.0
1731413683.910421,0.5923464418555993,4.283870812206826,2.9823823548667505,3.9492342472076416,0.0
1731413683.9604354,0.3686753737331831,4.320947114704921,2.9776108328742126,3.9492342472076416,0.0
1731413684.0104432,0.1431161661778354,4.358647312003131,2.9720452558347694,3.9492342472076416,0.0
1731413684.0603166,-0.08267678543886271,4.396390921678606,2.972145153227041,3.9492342472076416,0.0
1731413684.1103501,-0.30827994392577085,4.434362033620119,2.974009828378628,3.9492342472076416,0.0
1731413684.160378,-0.5349857828757292,4.473945583749621,2.971598088314174,3.9492342472076416,0.004904814064502716
1731413684.2103603,-0.7629350445025722,4.513387563718201,2.970120709524315,3.9492342472076416,0.009191133081912994
1731413684.2604988,-0.991484389473484,4.55114907058757,2.97387104873386,3.9492342472076416,0.034362468868494034
1731413684.3105466,-1.2191425704814614,4.5876684647044295,2.984566105275989,3.9492342472076416,0.055218715220689774
1731413684.360516,-1.4483614229425439,4.618263196766351,3.010523982458984,3.9492342472076416,0.10984770208597183
1731413684.41048,-1.6794001242350223,4.6403976893226595,3.0489743549233848,3.9492342472076416,0.11352991312742233
1731413684.4604175,-1.910599416116458,4.649331741034657,3.1068071329406584,3.9492342472076416,0.1264176368713379
1731413684.5104666,-2.1410174482458717,4.645112399503353,-3.1185730198750052,3.458329916000366,0.19760216772556305
1731413684.5605261,-2.3722801836920704,4.627149780299913,-3.0579710334913326,1.8048903942108154,0.3105279505252838
1731413684.6104608,-2.5978701641985147,4.598688339352442,-2.987785247568502,0.9528725147247314,0.33998560905456543
1731413684.6604552,-2.810085782058155,4.559575929311702,-2.878351270527001,0.5846518278121948,0.33998560905456543
1731413684.7103806,-3.0051127613067967,4.520300562864943,-2.7766819406639973,0.0,0.33998560905456543
1731413684.7603223,-3.1870970572131965,4.485160054145079,-2.6781136906105996,0.0,0.33998560905456543
1731413684.8103154,-3.3394498863399456,4.440207783559977,-2.5690517871966527,0.0,0.33998560905456543
1731413684.8602676,-3.4852394539725142,4.414482866858382,-2.5024123165218035,0.0,0.33998560905456543
1731413684.9104645,-3.615517201587284,4.369168574955458,-2.3567062807894676,0.0,0.33998560905456543
1731413684.9603958,-3.711493891849232,4.325253324859496,-2.250628901078322,0.0,0.33998560905456543
1731413685.0104723,-3.8050665689765286,4.297936353850897,-2.1794656151208005,0.0,0.33998560905456543
1731413685.060341,-3.8904357037803057,4.25793236999123,-2.0491215017769995,1.3139859437942505,0.33998560905456543
1731413685.1104836,-3.935934267738083,4.216938581744456,-1.9378556329030925,2.035874366760254,0.33998560905456543
1731413685.1604624,-3.978228544084932,4.1846710576237225,-1.849857862418364,3.29215669631958,0.32709789276123047
1731413685.210523,-4.005179441509577,4.141419238260291,-1.7266645987867226,3.660377264022827,0.26450037956237793
1731413685.2604878,-4.02357642236075,4.088100947868417,-1.6436380567176658,3.920297861099243,0.09265927970409393
1731413685.3104317,-4.041668513044671,4.016048368767532,-1.5584307737620766,3.9275741577148438,0.017174040898680687
1731413685.3602748,-4.061193320589792,3.9291197635048567,-1.4692174005864278,3.941957950592041,0.0
1731413685.4104228,-4.076288196630573,3.8252186263398693,-1.4173024879377802,3.941957950592041,0.0
1731413685.4603448,-4.085316344658586,3.714006323218802,-1.4012926807558246,3.941957950592041,0.0
1731413685.5103376,-4.093879257951196,3.5815659100939783,-1.4198368453084733,3.941957950592041,0.0
1731413685.560395,-4.0927990002418655,3.4467126069232528,-1.4771839246868324,3.941957950592041,0.0
1731413685.6103323,-4.093911025475465,3.292554625478389,-1.5280580126704453,3.941957950592041,-0.017806921154260635
1731413685.660414,-4.092078051191689,3.1235775829692933,-1.5716495401282677,3.941957950592041,-0.09329215437173843
1731413685.7103665,-4.09678593540867,2.9386533906222265,-1.5924619513255205,3.941957950592041,-0.09757847338914871
1731413685.7605119,-4.103397018558354,2.7480407623519265,-1.615250482031709,3.941957950592041,-0.08469074964523315
1731413685.8103447,-4.117064066393737,2.5504446356001034,-1.6341847654223602,3.941957950592041,-0.08040443062782288
1731413685.8604841,-4.138255611447112,2.3453278014655257,-1.6635692395744415,3.941957950592041,-0.0006184956291690469
1731413685.9105601,-4.16030271745097,2.137507794561711,-1.6865401426023958,3.941957950592041,0.0
1731413685.9604523,-4.18517825324964,1.9268120916540914,-1.6933856311098954,3.941957950592041,0.0
1731413686.0103557,-4.21435502771237,1.7112671183331678,-1.6986970331924856,3.941957950592041,0.0
1731413686.0604541,-4.242650034209322,1.4918562033346028,-1.7024382037471677,3.941957950592041,0.0
1731413686.1104052,-4.272454774312552,1.2708926065623392,-1.706764833886306,3.941957950592041,0.0
1731413686.160508,-4.303675986884773,1.0486811775326197,-1.7095014032688753,3.941957950592041,0.0
1731413686.210463,-4.336710795440986,0.8244480156759413,-1.7177441037680614,3.941957950592041,0.0
1731413686.2604997,-4.370498520703181,0.6007493754359006,-1.7205984444816043,3.941957950592041,0.0
1731413686.3104925,-4.40484952628587,0.3756417154796741,-1.7239468235921749,3.941957950592041,0.0
1731413686.3604228,-4.440674000960086,0.1497488264195015,-1.729007084125202,3.941957950592041,0.0
1731413686.4103682,-4.47731563299053,-0.07705440000760971,-1.734024438723968,3.941957950592041,0.0
1731413686.460423,-4.51502431941665,-0.30385213758111496,-1.7381645854656798,3.941957950592041,0.0
1731413686.510483,-4.552944500771065,-0.5316666294972991,-1.7397280529130943,3.941957950592041,0.0
1731413686.560501,-4.592538961270718,-0.7588843884964871,-1.742542143843284,3.941957950592041,0.0
1731413686.6106114,-4.631797478892852,-0.9864062842186252,-1.7450830890999864,3.941957950592041,0.05951941758394241
1731413686.660516,-4.671212145611653,-1.2126260178569033,-1.7440473274829666,3.941957950592041,0.09695997834205627
1731413686.7103596,-4.704569818093078,-1.4409747606919419,-1.715591205731211,3.941957950592041,0.21847279369831085
1731413686.7603557,-4.728533823670551,-1.668565114346823,-1.6740368776995673,3.4870970249176025,0.27308741211891174
1731413686.810323,-4.739333078772283,-1.896722369470424,-1.6099208876456035,2.923936128616333,0.33998560905456543
1731413686.8603928,-4.737563251058091,-2.122548027311035,-1.5405028646189913,2.8735086917877197,0.33998560905456543
1731413686.9103417,-4.720840432628583,-2.344805877440068,-1.4553480670382013,1.7255266904830933,0.33998560905456543
1731413686.9604683,-4.693284878907755,-2.557694852814317,-1.365189075146762,1.0324054956436157,0.33998560905456543
1731413687.0103416,-4.660611411517567,-2.7612998366256765,-1.3053082143921475,0.0,0.33998560905456543
1731413687.060513,-4.625126379818919,-2.9488230920560383,-1.2300682273311245,0.0,0.33998560905456543
1731413687.1104476,-4.589937396016832,-3.109459182818901,-1.1695859863117488,0.0,0.33998560905456543
1731413687.1604478,-4.558964356299134,-3.2654078088095746,-1.0993494123253689,0.0,0.33998560905456543
1731413687.2104223,-4.519907409620923,-3.3885878828543783,-1.0245007759450067,0.0,0.33998560905456543
1731413687.2603123,-4.497915942469395,-3.5087124512867356,-0.9910659978565326,0.0,0.33998560905456543
1731413687.310382,-4.454402100162955,-3.6078092664168144,-0.8841124486326417,0.0,0.3356849253177643
1731413687.3604152,-4.422672121641478,-3.683485851241619,-0.8261222534770397,0.0,0.33138421177864075
1731413687.4104908,-4.391780481300809,-3.753120371164937,-0.7550186047716011,0.8807851672172546,0.27308741211891174
1731413687.4603136,-4.356828173779933,-3.798994968135582,-0.6754826420925325,1.2706658840179443,0.2601996660232544
1731413687.5104604,-4.3226026329373255,-3.8295353080788592,-0.6012619327702393,1.7542939186096191,0.2393290400505066
1731413687.560491,-4.281626443745773,-3.8542982245001163,-0.5362101841561734,2.555715322494507,0.1847144365310669
1731413687.6104176,-4.227226427126096,-3.877472925000543,-0.4876463791042787,3.8986377716064453,0.06750232726335526
1731413687.66045,-4.160441126880763,-3.903424709934545,-0.43703327337780623,3.9348506927490234,0.004904814064502716
1731413687.7104702,-4.075620479326079,-3.9328314042428367,-0.40223863924338904,3.941957950592041,0.0
1731413687.760251,-3.9801927354960402,-3.9639231978049088,-0.3856800372702727,3.9492342472076416,0.0
1731413687.810486,-3.86834022939875,-3.9987993246427496,-0.35348213075259777,3.9565107822418213,0.0
1731413687.8603477,-3.7397459876908674,-4.0344476253857415,-0.31492129546584324,3.9565107822418213,0.0
1731413687.9103596,-3.594112557176974,-4.07055245870548,-0.2798509496538969,3.9565107822418213,0.0
1731413687.96044,-3.4343567609766628,-4.108010805082453,-0.2374486265714421,3.9565107822418213,0.0
1731413688.0104938,-3.2578257612105146,-4.145667562406338,-0.21174986213563632,3.9565107822418213,0.0
1731413688.0605612,-3.0729544942628433,-4.182538230053749,-0.19952946296282495,3.9565107822418213,0.0
1731413688.1103616,-2.8806504987886044,-4.2185221283645395,-0.18249762372594885,3.9565107822418213,0.0
1731413688.1603696,-2.679080632792212,-4.255168314122724,-0.17524577207979325,3.9565107822418213,0.0
1731413688.2103949,-2.472801578960537,-4.291196380011363,-0.1740517853881741,3.9565107822418213,0.0
1731413688.2604036,-2.2623048104973833,-4.327411539117994,-0.16923796974570962,3.9565107822418213,0.0
1731413688.3105004,-2.0469686455691014,-4.365114086533287,-0.16674421666453382,3.9565107822418213,0.0
1731413688.3605025,-1.8299755821178,-4.402592907798217,-0.16816303789415574,3.9565107822418213,0.0
1731413688.4104424,-1.6114371505861131,-4.438676873987831,-0.164585277680229,3.9565107822418213,0.0
1731413688.4605455,-1.3897435131533706,-4.475986772746995,-0.16165256108144388,3.9565107822418213,0.0
1731413688.5103717,-1.1662923349519116,-4.513511495151983,-0.15953352918722577,3.9565107822418213,0.0
1731413688.5604446,-0.9424092501246596,-4.54960375824982,-0.15944203900775702,3.9565107822418213,0.0
1731413688.6104622,-0.7183731943779198,-4.5854962323083255,-0.15592894224914292,3.9565107822418213,0.0
1731413688.6603973,-0.49215588471147925,-4.621875973705596,-0.152410541834594,3.9565107822418213,0.0
1731413688.7104976,-0.26498045389745956,-4.65794973426521,-0.15108630687709945,3.9565107822418213,0.0
1731413688.7604473,-0.038561188253869436,-4.691736027201495,-0.14876716248588603,3.9565107822418213,0.0
1731413688.8103788,0.18886474393473232,-4.725043175390616,-0.1431258790072988,3.9565107822418213,0.0
1731413688.8603454,0.4176537582218198,-4.758657619515066,-0.13885976889116328,3.9565107822418213,0.0
1731413688.9104943,0.6470230060607117,-4.7917577942785785,-0.13753005368199706,3.9565107822418213,0.0
1731413688.9604352,0.8752258105487591,-4.822483840550825,-0.13506369658166903,3.9565107822418213,0.0
1731413689.0104332,1.1043920909345326,-4.852744011233416,-0.12893051664110972,3.9565107822418213,0.0
1731413689.0604312,1.3352141949224894,-4.882902946091089,-0.12400375826146569,3.9565107822418213,0.013491835445165634
1731413689.1103446,1.5662264981095322,-4.912187025512485,-0.12141696074096645,3.9131906032562256,0.06320162117481232
1731413689.1604288,1.7965244052527232,-4.935148947574307,-0.10106672535266259,3.869870662689209,0.1933014690876007
1731413689.2103684,2.0280475125535253,-4.948543132333773,-0.049806317565061035,3.869870662689209,0.24362975358963013
1731413689.2604668,2.2581294900600817,-4.950419656513268,0.007370739611858547,3.869870662689209,0.3191149830818176
1731413689.3103766,2.4873924684934203,-4.936363634217464,0.07735021108376335,3.869870662689209,0.33998560905456543
1731413689.360364,2.712245005626581,-4.915399545861662,0.14087597251741185,3.5233099460601807,0.33998560905456543
1731413689.410486,2.9386229296461006,-4.871588685445183,0.22111640216769501,3.0467891693115234,0.33998560905456543
1731413689.4604738,3.1604093480694653,-4.81788530776153,0.2857944044758505,1.9275742769241333,0.33998560905456543
1731413689.510447,3.372228483579084,-4.754570823186279,0.34518163581859723,0.9384889006614685,0.33998560905456543
1731413689.5604131,3.5677545814550267,-4.688931734878829,0.41152293753393265,0.5992046594619751,0.33998560905456543
1731413689.6104445,3.7453074780865836,-4.622364025706017,0.4759056779585176,0.38971146941185,0.33998560905456543
1731413689.6604288,3.9039306851058897,-4.558217467633003,0.5379643582168889,0.08647093921899796,0.33998560905456543
1731413689.7104948,4.046481973206704,-4.4905155035768685,0.6097763625850905,0.08647093921899796,0.33998560905456543
1731413689.7604654,4.165502311976991,-4.42477129837369,0.6713208265259686,0.08647093921899796,0.33874863386154175
1731413689.81054,4.283734043922454,-4.363529095802305,0.7400371654258884,0.08647093921899796,0.33874863386154175
1731413689.8604853,4.372407291324362,-4.298139046383447,0.8118458571685953,0.08647093921899796,0.33874863386154175
1731413689.9102802,4.444627781084544,-4.235360902611417,0.8756044722545061,0.08647093921899796,0.33752602338790894
1731413689.9603267,4.503237859753751,-4.171443282196263,0.9338360205448921,0.08647093921899796,0.33752602338790894
1731413690.0103502,4.54618036024889,-4.114260236557415,0.9550196477389847,0.25264406204223633,0.3307800889015198
1731413690.0604594,4.5815340929394255,-4.065397621225097,0.965145129844666,0.8662323355674744,0.3191149830818176
1731413690.1105058,4.607813408575529,-4.0240422888838046,0.9848352933040123,2.1008546352386475,0.27676960825920105
1731413690.1604455,4.626754518648807,-3.984025467822936,1.0221486811016138,2.238091230392456,0.25221675634384155
1731413690.2104921,4.647969303263509,-3.932706617516365,1.0689788047941287,2.8735086917877197,0.14298756420612335
1731413690.2603598,4.6725554242195475,-3.869228647587038,1.111723780250083,3.1334292888641357,0.13070395588874817
1731413690.3103976,4.701252925697932,-3.7929836489378594,1.1499549956035835,3.4870970249176025,0.07608934491872787
1731413690.360338,4.7329996765342335,-3.700437006000604,1.1996462884402619,3.4943735599517822,0.055218715220689774
1731413690.4104805,4.7646033107095365,-3.5929646671455235,1.239528086538492,3.4943735599517822,0.030061764642596245
1731413690.460379,4.799227505264749,-3.4708896410675085,1.2781630194416065,3.4943735599517822,0.025761062279343605
1731413690.510365,4.832591449350811,-3.3337612496937323,1.309048466183233,3.4943735599517822,0.021474743261933327
1731413690.560469,4.867192997821336,-3.183621683970917,1.3348693558608389,3.4943735599517822,0.021474743261933327
1731413690.6103723,4.900822569365697,-3.024801618897108,1.3560106800151277,3.4943735599517822,0.021474743261933327
1731413690.6605055,4.934153808890185,-2.8564187557342895,1.3714711668908934,3.4943735599517822,0.05951941758394241
1731413690.7105174,4.964258736790089,-2.6812477694214896,1.3958407084934146,3.4943735599517822,0.1810322403907776
1731413690.7604327,4.987275684596382,-2.5024681376697324,1.4461568307260815,3.4943735599517822,0.2350427210330963
1731413690.8104675,4.999764641337425,-2.3201608944213805,1.5245084778818456,3.4943735599517822,0.32341569662094116
1731413690.8603935,4.999463873809107,-2.136927231838823,1.6007021740176528,3.4943735599517822,0.33998560905456543
1731413690.9104664,4.982816794192143,-1.9499667139942964,1.6841295719183245,3.4943735599517822,0.33998560905456543
1731413690.9605005,4.946354065127688,-1.7633377544452546,1.7729806732090576,3.4943735599517822,0.33998560905456543
1731413691.0104446,4.893921071152697,-1.5770563604456531,1.858996438725216,3.4943735599517822,0.2982443571090698
1731413691.0604174,4.830058799142903,-1.393393113803501,1.9234530899629787,3.4943735599517822,0.2350427210330963
1731413691.1104064,4.752140718992122,-1.2129010891014274,1.972220512927757,3.4943735599517822,0.12211693078279495
1731413691.1602075,4.6664462704055145,-1.0350414284055411,2.0191152977124003,3.4943735599517822,0.06750232726335526
1731413691.2104373,4.573020385707585,-0.8628498550248808,2.059981731464696,3.4943735599517822,0.0
1731413691.260595,4.472995744876435,-0.6894416178852334,2.0882535515756495,3.4943735599517822,0.0
1731413691.310537,4.372091264922082,-0.5153775794129616,2.0946555197056993,3.4943735599517822,-0.022093240171670914
1731413691.360446,4.2713972464951,-0.34150911303778575,2.092805906274329,3.4943735599517822,-0.11844910681247711
1731413691.4103942,4.17245278138889,-0.16422624477670997,2.079332012684246,3.4943735599517822,-0.17245960235595703
1731413691.4603372,4.0819104820944325,0.016865775970770353,2.033036683618331,3.4943735599517822,-0.1976165473461151
1731413691.5103483,4.001823727950032,0.1992488490588015,1.9854708777256036,3.4943735599517822,-0.23566122353076935
1731413691.5604732,3.929526006549573,0.3825712960726652,1.9114838064620492,3.4943735599517822,-0.23505711555480957
1731413691.6104836,3.8750115585235583,0.5715687847728252,1.8364012475718525,3.4943735599517822,-0.23505711555480957
1731413691.6604276,3.831881995874736,0.7617286046187004,1.7640940188583492,3.4943735599517822,-0.23934343457221985
1731413691.7105305,3.805635999677623,0.9563227008914831,1.6849392285617308,3.4943735599517822,-0.23873931169509888
1731413691.7605844,3.7962283941593906,1.152180758628041,1.6009544887258793,3.4943735599517822,-0.244866743683815
1731413691.8107562,3.8004454814754087,1.3470265712765064,1.522902548277117,3.4943735599517822,-0.21418647468090057
1731413691.86048,3.823903625606274,1.5429237561603726,1.436843143650823,3.4943735599517822,0.0
1731413691.9105358,3.8627691285670362,1.7395903230581646,1.3547533330188157,3.4943735599517822,0.0
1731413691.960262,3.908344531326397,1.9332683323243016,1.3155878418717344,3.4943735599517822,0.06750232726335526
1731413692.010441,3.9587093965094824,2.1263699689434916,1.3137002025475821,3.4943735599517822,0.1264176368713379
1731413692.0603292,4.003549526696355,2.3233592675221857,1.3414125873295804,3.4943735599517822,0.2393290400505066
1731413692.1103153,4.038032443314527,2.520621761607977,1.3921801083960461,3.4943735599517822,0.30622726678848267
1731413692.1604612,4.059778026222857,2.719349015832212,1.4670533111399258,3.4943735599517822,0.33998560905456543
1731413692.2103004,4.070887306135287,2.91778125986202,1.5454574376066883,3.4943735599517822,0.33998560905456543
1731413692.2604382,4.059456206205606,3.1168070643800774,1.6399410766037272,3.4943735599517822,0.33998560905456543
1731413692.3103611,4.037895525315288,3.315139209731038,1.7361401107237364,3.4943735599517822,0.33998560905456543
1731413692.3604443,3.9967510739025647,3.513478967522188,1.8256433709360744,3.3067095279693604,0.33998560905456543
1731413692.4104304,3.9367464720774836,3.7078872649426633,1.9065849611075685,2.5773754119873047,0.33998560905456543
1731413692.4604537,3.873933023842004,3.899311683170872,1.9647152344267724,0.6208646893501282,0.33998560905456543
1731413692.5104263,3.79704829618412,4.07820705488948,2.019374544710509,0.0,0.33998560905456543
1731413692.5603428,3.7245208304713056,4.238033148438534,2.0682166368017945,0.0,0.33998560905456543
1731413692.61036,3.6510222301258923,4.379015329377636,2.116741952125886,0.0,0.33998560905456543
1731413692.6603153,3.574959816695953,4.499682400138102,2.1751634202961503,0.0,0.33998560905456543
1731413692.7103448,3.509136322719588,4.613737634055406,2.212409776584965,0.0,0.33998560905456543
1731413692.7604194,3.4263084273131983,4.700409937253718,2.2992246805805197,0.0,0.33998560905456543
1731413692.810463,3.3591590313173567,4.772524353778608,2.331447757074648,0.0,0.33998560905456543
1731413692.8602982,3.2868150156360776,4.835874168488637,2.373378581844066,0.0,0.33998560905456543
1731413692.9103403,3.2269001658518164,4.884597285091779,2.4139643115615232,0.0,0.33998560905456543
1731413692.9604375,3.175826336061899,4.9253639249449375,2.4410475134289555,0.0,0.33998560905456543
1731413693.010395,3.1332435838733295,4.9573320602578805,2.470046887594305,0.0,0.33998560905456543
1731413693.0603304,3.097523660262703,4.980865632248664,2.5011786117731467,0.0,0.33998560905456543
1731413693.1102984,3.070981946234077,4.995014688444566,2.5328945457808487,0.0,0.2350427210330963
1731413693.160216,3.0506430324096088,5.004886394667889,2.558551082368554,0.0,0.15157458186149597
1731413693.2104714,3.0344893145376246,5.013055256782059,2.5716737042480546,0.0,0.05951941758394241
1731413693.2604346,3.0209423892437397,5.02058833423945,2.5775399904760676,0.0,0.025761062279343605
1731413693.31046,3.009526950805869,5.027390551421917,2.5797840875192675,0.0,0.0
1731413693.3604736,2.999685350705394,5.033470093377279,2.580373742830606,0.0,0.0
1731413693.4105606,2.9910515771586743,5.038892501666593,2.5804968991393,0.0,0.10984770208597183
1731413693.4603474,2.9830654852459935,5.043397099247182,2.583164265213981,0.0,0.17244522273540497
1731413693.5104554,2.9757065505094427,5.047166745782509,2.5876508753446683,0.0,0.25221675634384155
1731413693.5603237,2.9689792294900728,5.050151217901426,2.5937478850339555,0.15145105123519897,0.26450037956237793
1731413693.610334,2.9630438208278114,5.052700539483684,2.5996276102624947,1.3427531719207764,0.2651045024394989
1731413693.6604958,2.9541005019375057,5.056433027302685,2.6083593888420915,1.5160335302352905,0.24793045222759247
1731413693.710492,2.935758335399209,5.06394618894434,2.6254471933484096,1.5160335302352905,0.21847279369831085
1731413693.7605073,2.907451512367711,5.075260122308928,2.6487519740245826,1.5160335302352905,0.21723580360412598
1731413693.8103738,2.8687265433582576,5.0895086586149425,2.680458704356538,1.5160335302352905,0.20434808731079102
1731413693.8604708,2.8212289544267937,5.106203466402115,2.714329787366003,1.5160335302352905,0.20434808731079102
1731413693.9106042,2.766749720173011,5.123102633186967,2.7538093564020105,1.5160335302352905,0.20434808731079102
1731413693.9605134,2.7064241961997553,5.1392516838842,2.7967045561160053,1.5160335302352905,0.17673152685165405
1731413694.0102303,2.6417060176632323,5.154124134413028,2.8390680025836597,1.5160335302352905,0.09265927970409393
1731413694.0603993,2.572412141435982,5.168754492084997,2.874149963204997,1.5160335302352905,0.0
1731413694.110559,2.4993853532046635,5.185427417681194,2.8902218743273456,1.5160335302352905,0.0
1731413694.16046,2.424002905820336,5.203691949380942,2.8958464911407362,1.5160335302352905,0.0
1731413694.2101681,2.347807254389246,5.222597541123227,2.896990898620789,1.5160335302352905,0.0
1731413694.2603264,2.2695064578409583,5.242080162981752,2.8972408542120145,1.5160335302352905,0.0
1731413694.310355,2.188525684675776,5.262377676783655,2.8967753031181482,1.5160335302352905,0.05951941758394241
1731413694.3605146,2.1069860589304987,5.281216494216379,2.90510352648354,1.5160335302352905,0.09695997834205627
1731413694.4104195,2.0251157954197665,5.297449740154098,2.923965287295119,1.5160335302352905,0.13070395588874817
1731413694.4604762,1.9405281259478653,5.309926917191453,2.955137924889516,1.5160335302352905,0.13070395588874817
1731413694.5103912,1.8547193338919161,5.318975373040957,2.992191897266543,1.5160335302352905,0.13070395588874817
1731413694.5605345,1.7693040101334512,5.324378812664886,3.030224856955446,1.5160335302352905,0.13070395588874817
1731413694.6104574,1.6830351087902073,5.326628836549748,3.068747313684905,1.5160335302352905,0.1264176368713379
1731413694.6604211,1.5949105467472293,5.325658820365013,3.106155057717006,1.5160335302352905,0.12211693078279495
1731413694.7105246,1.5071349949720014,5.322049989314007,-3.14149410731924,1.5160335302352905,0.10861071199178696
1731413694.7604585,1.4201194690308774,5.315437016471422,-3.1071387479220998,2.274050235748291,0.10861071199178696
1731413694.8104198,1.330568407067055,5.305719410564618,-3.0739745903042492,2.274050235748291,0.10492850840091705
1731413694.8603241,1.2335412327961344,5.292730696253044,-3.040727264921954,2.274050235748291,0.050932396203279495
1731413694.9104602,1.1325178217692418,5.2767872149115105,-3.012030798642093,2.274050235748291,0.0
1731413694.960539,1.02537307088125,5.2592641917186915,-2.9958545129223655,2.274050235748291,0.0
1731413695.0106318,0.9125056676441805,5.242112400462207,-2.9930472075706946,2.274050235748291,0.0
1731413695.0605388,0.7975837656585081,5.224679397787766,-2.991595053471825,2.274050235748291,0.0
1731413695.1105926,0.678591026685695,5.206482730300067,-2.991501129168037,2.274050235748291,0.0
1731413695.1605237,0.5576654513568092,5.18857493857031,-2.9934276450981327,2.274050235748291,0.0
1731413695.2105045,0.4351069031425173,5.169893557237499,-2.9918595004429887,2.274050235748291,0.0
1731413695.2604694,0.3097621695258904,5.151317201976071,-2.9939140114628504,2.274050235748291,0.0
1731413695.3105292,0.18423036656312555,5.132525835712285,-2.9930831299336633,2.274050235748291,0.0
1731413695.360549,0.05666129038457827,5.112976333062746,-2.992589418114895,2.274050235748291,0.0
1731413695.41052,-0.07140271148833022,5.094076537106782,-2.9933469715512766,2.274050235748291,0.0
1731413695.4604766,-0.20020129084636637,5.0743501923313055,-2.992149620505039,2.274050235748291,0.0
1731413695.5104008,-0.3306538766596884,5.055647145539707,-2.995244877443943,2.274050235748291,0.0
1731413695.560335,-0.4600537698073711,5.036259116314529,-2.9933995669194484,2.274050235748291,0.0
1731413695.6103368,-0.5915666209775701,5.016576173817095,-2.995463338161642,2.274050235748291,0.0
1731413695.6603644,-0.7221450677041932,4.997471671869681,-2.9947292241276227,2.274050235748291,0.0
1731413695.7103631,-0.8540451153283929,4.977657764872807,-2.9943144150154146,2.274050235748291,0.0
1731413695.7605286,-0.9855778471212493,4.9584095494146485,-2.9951384315273213,2.274050235748291,0.0
1731413695.8104672,-1.1172181597584077,4.93855405632332,-2.9941284037487375,2.274050235748291,0.0
1731413695.8604772,-1.2498513535296465,4.91928618749959,-2.995944027150106,2.274050235748291,0.0
1731413695.9105656,-1.3811519289312604,4.899667419569891,-2.994045181534005,2.274050235748291,0.009191133081912994
1731413695.9604123,-1.5140343503783842,4.879540206448442,-2.9939647584222433,2.274050235748291,0.025761062279343605
1731413696.0104334,-1.645142769265609,4.858549036263181,-2.9855027368994325,2.274050235748291,0.038648784160614014
1731413696.060273,-1.777477795779469,4.8346957954846435,-2.9717857915998556,2.274050235748291,0.10124629735946655
1731413696.1104171,-1.9086817982013753,4.80837457229816,-2.951140049018961,2.274050235748291,0.1264176368713379
1731413696.16033,-2.0382233262062144,4.774199077321268,-2.906907662309345,2.274050235748291,0.17673152685165405
1731413696.210414,-2.166222479126959,4.7334011334506165,-2.858722228444152,2.274050235748291,0.19760216772556305
1731413696.2604597,-2.2904831524943408,4.6846057750717955,-2.7980031780520975,3.3571367263793945,0.2019028663635254
1731413696.310495,-2.412487514187863,4.626115027520425,-2.729520306438613,3.552077054977417,0.21847279369831085
1731413696.360542,-2.536701751591969,4.555966195287024,-2.6512540726332294,3.5629918575286865,0.22275911271572113
1731413696.4104767,-2.6620294810959284,4.469261629346654,-2.563507599332504,3.573652505874634,0.22275911271572113
1731413696.4603126,-2.788159665169604,4.370150363230871,-2.472884095014441,4.125983715057373,0.22275911271572113
1731413696.5103834,-2.9105602360238017,4.253092849472598,-2.393729836509089,4.18030309677124,0.20987139642238617
1731413696.560304,-3.0339985394553546,4.124229915529223,-2.30651451707229,4.18030309677124,0.17673152685165405
1731413696.6103735,-3.1546231073008197,3.98015258375119,-2.241979423542438,4.18030309677124,0.13438615202903748
1731413696.6603694,-3.2714544932149567,3.8211187359911425,-2.1800777207418194,4.1909637451171875,0.034362468868494034
1731413696.7102916,-3.3862943444057474,3.650511959748639,-2.1436067181254588,4.1909637451171875,0.0
1731413696.7603414,-3.5015248598453166,3.47015467210378,-2.131814790647206,4.1909637451171875,0.0
1731413696.8103943,-3.6167267235983953,3.283891637853062,-2.129669207636753,4.1909637451171875,0.0
1731413696.8604412,-3.735021799501222,3.093390450790506,-2.1208376555146895,4.1909637451171875,0.0
1731413696.910366,-3.856309399021782,2.8984463769010267,-2.1203825390155884,4.1909637451171875,0.0
1731413696.9605029,-3.9784097623369243,2.7012603651777884,-2.12257289591574,4.1909637451171875,0.0006041120504960418
1731413697.0105202,-4.100441651147242,2.501601857140554,-2.121508533403479,4.201878547668457,0.021474743261933327
1731413697.0605319,-4.223069277762883,2.300186738943422,-2.113027327747291,4.212792873382568,0.025761062279343605
1731413697.1103592,-4.345272082023913,2.0955348859440455,-2.101276046429103,5.51239538192749,0.012269227765500546
1731413697.1604257,-4.4654242121028505,1.8856695001873904,-2.083498731309081,5.772315979003906,0.06320162117481232
1731413697.2105167,-4.586798906122226,1.6620914943346725,-2.064431467191436,5.772315979003906,0.1595574915409088
1731413697.2604496,-4.705618072601822,1.4255439489291442,-2.0253659973877043,5.772315979003906,0.2019028663635254
1731413697.3104603,-4.819207111198071,1.1803895698303226,-1.981042359485859,5.772315979003906,0.20128437876701355
1731413697.3605082,-4.926383609626381,0.9245255953456468,-1.954267534120691,5.772315979003906,0.20128437876701355
1731413697.4105523,-5.026496638010572,0.6577113992782962,-1.9064436790575385,5.772315979003906,0.20006176829338074
1731413697.4604976,-5.1173526650452175,0.3820938608639931,-1.871765256838204,5.761401176452637,0.1810322403907776
1731413697.510481,-5.1986078019927024,0.09732816133712946,-1.8192954755311486,4.223453998565674,0.16876301169395447
1731413697.560565,-5.2676983024917226,-0.18989485595491423,-1.7608266559619332,3.6929519176483154,0.16876301169395447
1731413697.6104925,-5.322867238195669,-0.4782381872782273,-1.7129481500157469,2.533970832824707,0.16630341112613678
1731413697.6604605,-5.361808105828001,-0.7652334216955115,-1.6319802373645806,2.165919303894043,0.16262120008468628
1731413697.7106118,-5.388236393907212,-1.0455715838912651,-1.5374339197908415,0.4221169352531433,0.16262120008468628
1731413697.7603528,-5.404364259799255,-1.3209406685084528,-1.4423227940798191,0.0,0.16262120008468628
1731413697.8103414,-5.420259409023133,-1.5720694676727094,-1.3514537985148543,0.0,0.16262120008468628
1731413697.8603978,-5.433951081571019,-1.8135379056716356,-1.2510463497130329,0.0,0.16262120008468628
1731413697.9105268,-5.464981638395591,-2.028412480322566,-1.2038631464913514,0.0,0.16508080065250397
1731413697.960362,-5.472494644222034,-2.207261708494274,-1.0828442999826189,0.0,0.16200271248817444
1731413698.0103428,-5.4885262285005485,-2.385948243541459,-0.9761706540953556,0.0,0.138686865568161
1731413698.0602992,-5.503950288879594,-2.5634676322415957,-0.8671161797767043,0.0,0.10554700344800949
1731413698.1102266,-5.521377266426387,-2.7451548585556727,-0.7445185468273262,0.0,0.06320162117481232
1731413698.1603444,-5.533808284785785,-2.850513427995271,-0.6955899742808914,0.0,0.034362468868494034
1731413698.2104433,-5.543541234890485,-2.9526300873121407,-0.6161014546536093,0.0,0.007968525402247906
1731413698.2601404,-5.568567619497578,-3.0476861421220676,-0.5982056776848702,0.0,0.0
1731413698.3104331,-5.571714798876125,-3.1187256876635896,-0.5023812474031119,0.0,0.0
1731413698.3604457,-5.580633861557236,-3.1741330115845003,-0.42834368329629074,0.0,0.0
1731413698.4103165,-5.580195722325469,-3.2147846487685343,-0.33094573419475143,0.0,0.0
1731413698.4603574,-5.577692507480373,-3.246288978475731,-0.24818183326266227,0.08655554801225662,0.0
1731413698.5104096,-5.570849330376684,-3.263343527296935,-0.18295298601867352,1.3643286228179932,0.0
1731413698.5603511,-5.559875024383489,-3.2705648609671183,-0.14482083457612432,2.274050235748291,0.0
1731413698.6105065,-5.540766117311697,-3.2718061732820827,-0.11830616874940754,2.274050235748291,0.0
1731413698.6604426,-5.505509284765332,-3.273371226354958,-0.08484358090170128,2.2849647998809814,0.0
1731413698.7104616,-5.453261032958892,-3.273434784704816,-0.05840145657868492,3.389626979827881,0.0
1731413698.7604914,-5.385583728409303,-3.2748271074423925,-0.04615038541206865,3.389626979827881,0.0
1731413698.8104703,-5.301161836230544,-3.276850629631575,-0.04201935863670668,3.389626979827881,0.0
1731413698.8604383,-5.201539104270792,-3.2790025327877337,-0.03125890173084218,3.389626979827881,0.0
1731413698.9104934,-5.08426362949613,-3.2798716162783608,-0.022869988705313246,3.389626979827881,-0.047264572232961655
1731413698.9604726,-4.956192833847302,-3.282678102169545,-0.019045848266876608,3.389626979827881,-0.18104662001132965
1731413699.0104027,-4.814544795194822,-3.286606014346523,-0.03013972072348769,3.389626979827881,-0.2227735072374344
1731413699.0603998,-4.669308303095404,-3.2978771790541543,-0.05716875086425643,3.389626979827881,-0.31482866406440735
1731413699.1103997,-4.514616929230902,-3.3170998699017837,-0.11386423115468963,3.389626979827881,-0.31482866406440735
1731413699.1603827,-4.358755021299709,-3.3482530133160613,-0.1848018700193446,3.389626979827881,-0.32343006134033203
1731413699.2103553,-4.200905153898384,-3.390699307681816,-0.2651242181814339,3.389626979827881,-0.31054234504699707
1731413699.260333,-4.0440117770440045,-3.4498208173293077,-0.3507069613558421,3.389626979827881,-0.2645147740840912
1731413699.3102825,-3.888876991807333,-3.5226532230011665,-0.44134775004279386,3.389626979827881,-0.185347318649292
1731413699.3603299,-3.7369773249522726,-3.6102163509922875,-0.5204036963866414,3.4005415439605713,-0.047264572232961655
1731413699.4104028,-3.585629205281403,-3.709115884335143,-0.5835135437908207,4.775784969329834,0.0
1731413699.4603367,-3.433832057599437,-3.8142829979027284,-0.6121900971361371,5.18749475479126,0.0
1731413699.5104175,-3.2725815925413007,-3.926009773456023,-0.6119170363217794,5.18749475479126,0.0
1731413699.5603626,-3.0996848798475716,-4.04352758855026,-0.5985753327751903,5.18749475479126,0.0
1731413699.610353,-2.9152175469760757,-4.167063223776867,-0.5937030958082737,5.18749475479126,0.0
1731413699.6603687,-2.720340917711452,-4.295240825385299,-0.581966910055106,4.483374118804932,0.0
1731413699.7103577,-2.5148321082536067,-4.428444198835284,-0.57298628802205,3.996023416519165,0.0
1731413699.7603228,-2.302444270933342,-4.564876789479274,-0.5669988249712642,3.2812421321868896,0.034362468868494034
1731413699.8103983,-2.090628858970317,-4.698204445770611,-0.5576714767113877,3.2812421321868896,0.09695997834205627
1731413699.8603582,-1.8823538036790262,-4.8221544940023495,-0.5295166966602555,3.2812421321868896,0.15157458186149597
1731413699.9104116,-1.6737439686376505,-4.931215504607557,-0.48246040606589113,2.609865427017212,0.17244522273540497
1731413699.9602616,-1.4673955728060266,-5.027498570022466,-0.4208108794462902,1.63516366481781,0.20987139642238617
1731413700.0102777,-1.262357351529129,-5.109693872010992,-0.33004504234389814,1.63516366481781,0.210489884018898
1731413700.0603535,-1.0628550441416555,-5.174662341513494,-0.23378441053779592,0.9637871384620667,0.25221675634384155
1731413700.1103332,-0.8632463989985114,-5.227076167235325,-0.12325023358938665,0.8988069891929626,0.289657324552536
1731413700.1603415,-0.6740866537893286,-5.261954311819539,0.0010042578861380992,0.8878923654556274,0.3105279505252838
1731413700.2101345,-0.49110710378291395,-5.297731810289686,0.12764384495266978,0.8878923654556274,0.3105279505252838
1731413700.2602785,-0.32204754572346106,-5.314666370994713,0.264415845772526,0.8878923654556274,0.3111320734024048
1731413700.3103461,-0.16787084083007386,-5.343642740513312,0.3524305812357204,0.8878923654556274,0.17673152685165405
1731413700.360295,-0.01389979317477879,-5.355464653333905,0.5035351358963633,1.2886877059936523,0.10554700344800949
1731413700.410299,0.1149253749592149,-5.3531825552253425,0.616085570943804,2.4908199310302734,0.0
1731413700.4603362,0.242807150416371,-5.366812482808942,0.70794737124245,3.3571367263793945,0.0
1731413700.5103974,0.356067042448629,-5.346261242616977,0.7912890390241465,3.3571367263793945,0.0
1731413700.5603216,0.47349621781461126,-5.322031414133072,0.8722391209036612,3.368051528930664,0.0
1731413700.6103988,0.5928614795827304,-5.279648906632173,0.9699749756083963,4.061003684997559,-0.004919197876006365
1731413700.66035,0.7079933688356813,-5.2203677132337765,1.041975946660061,4.061003684997559,-0.0061418055556714535
1731413700.7102892,0.8194669868781268,-5.136360423794517,1.1018384175046922,4.061003684997559,-0.009824012406170368
1731413700.760355,0.9317824992128885,-5.045069975384436,1.1486136023645703,4.061003684997559,-0.005523310042917728
1731413700.8103013,1.045968371281603,-4.942322495423482,1.206076756072528,4.061003684997559,0.0
1731413700.8603487,1.1550871483881626,-4.8124721088112015,1.2427148289875023,4.061003684997559,-0.009205516427755356
1731413700.9103348,1.2599248678314217,-4.680081268005443,1.2402723518925787,4.061003684997559,-0.11414840817451477
1731413700.9603577,1.3587548145974497,-4.536176522910249,1.2139263365256965,4.061003684997559,-0.1681589037179947
1731413701.0103612,1.4556456064301315,-4.370236307992038,1.1817301921979668,4.061003684997559,-0.21418647468090057
1731413701.0604656,1.5530502167627387,-4.195608072999914,1.1268906370116036,4.061003684997559,-0.23566122353076935
1731413701.1105762,1.6568560625791195,-4.018611124668166,1.0399182270998721,4.061003684997559,-0.23689821362495422
1731413701.1603749,1.7701781908370802,-3.8401701626169724,0.9338450046227134,4.061003684997559,-0.23689821362495422
1731413701.210541,1.8970169156843366,-3.6675972023522907,0.8553522529303454,4.061003684997559,-0.23137490451335907
1731413701.2604668,2.037715990511523,-3.500264766268158,0.8031000129219922,4.061003684997559,-0.2436441332101822
1731413701.3103886,2.187907590719941,-3.3395984835881016,0.7611630194798339,0.0,-0.20620356500148773
1731413701.360521,2.338308883932903,-3.511226948555892,0.3311438713944666,0.0,-0.12213131040334702
1731413701.4105268,2.4726512046146323,-4.169089125965927,-1.3659336748739939,-1.34300696849823,0.0
1731413701.460515,2.545137063475221,-4.78802955036034,2.8508501621691544,-1.7328877449035645,0.0
1731413701.5104043,2.724091817629553,-5.439415554430921,0.7308115543676041,-1.7328877449035645,0.0
1731413701.5604806,2.789354055724895,-6.068799740799355,-1.3931436735810179,-1.7328877449035645,0.0
1731413701.6104417,2.912065607717449,-6.725071836349454,2.4601845721517828,-1.7328877449035645,0.0
1731413701.6603172,3.069865576767591,-7.3056847371556985,-0.08109737835341321,-1.7328877449035645,0.0
1731413701.7102823,3.136989351481792,-7.991708500863889,-2.3966110156654588,-1.7328877449035645,0.0
1731413701.7602909,3.3449247304568654,-8.636715777909961,1.0181168292706442,-1.7328877449035645,0.0
1731413701.8103998,3.44583127378469,-9.235891380287457,-1.7709706292661835,-1.7328877449035645,0.0
1731413701.8603609,3.5265536191737956,-9.8266511015643,0.644191292531603,-1.7328877449035645,0.0
1731413701.9104116,3.6649334039329986,-10.553077482644635,2.94232243190503,-1.7328877449035645,0.0
1731413701.9603233,3.7034002431760795,-10.873269041829184,1.9143994815130836,-1.7328877449035645,0.0
1731413702.0103517,3.7753533628017473,-11.114242404059782,2.6123308705294135,-1.7328877449035645,0.0
1731413702.060404,3.705463015513833,-11.444986808199955,2.8722979709627503,-1.7328877449035645,0.0
1731413702.110384,3.655511043331699,-11.775649498575055,0.9388419415201433,-3.963787078857422,0.0
1731413702.1604078,3.6656465927973576,-12.103641098869126,2.252592608790338,-4.6569929122924805,0.0
1731413702.2101746,3.646789494271412,-12.383141428415405,3.1260798935363434,-5.9890851974487305,0.0
1731413702.2603312,3.806612102232231,-12.72402090270901,0.9063811270463887,-5.9890851974487305,0.0
1731413702.3102405,4.927914057467619,-14.524655738118287,-2.8133908173896867,-5.9890851974487305,0.0
1731413702.3437104,44.94002046128868,67.99650273015877,-0.15311497457591455,-5.9890851974487305,0.0
1731413702.3270645,5.857048270450827,-12.31334869634416,-2.994080778379564,-5.9890851974487305,0.0
1731413702.752566,5.557024636196249,-4.483606557081147,-0.8770397552097182,-5.9890851974487305,0.0
1731413702.752889,5.556780785678896,-4.483651127504578,-0.8780110308424623,-5.9890851974487305,0.0
1731413702.7696192,5.5571179790343015,-4.483674021878433,-0.8772210585169351,-5.9890851974487305,0.0
1731413702.8199458,5.5567686812122705,-4.483636860457972,-0.8780139783041021,-5.9890851974487305,0.0
1731413702.8699863,5.556593003849606,-4.483622681871675,-0.8786005481937699,-5.9890851974487305,0.0
1731413702.9199517,5.556899917292557,-4.483634931770345,-0.8779677354147754,-5.9890851974487305,0.0
1731413702.9700153,5.556686257639441,-4.4836807023498855,-0.8789151019399605,-5.9890851974487305,0.0
1731413703.0199778,5.556542712617039,-4.4837831545697915,-0.8797728119101891,-5.9890851974487305,0.0
1731413703.069984,5.556634891756692,-4.483778244347384,-0.8795958463857622,-5.9890851974487305,0.0
1731413703.1199527,5.556849039008768,-4.483782181756803,-0.8791211523999962,-5.9890851974487305,0.0
1731413703.169942,5.556908913106082,-4.483739188174112,-0.8788634410518024,-5.9890851974487305,0.0
1731413703.220016,5.556768066118153,-4.483718984958964,-0.879240974168262,-5.9890851974487305,0.0
1731413703.2699845,5.556694098596541,-4.483723966272862,-0.8795755815208871,-5.9890851974487305,0.0
1731413703.319664,5.556456802400275,-4.483799381193468,-0.8806022487307871,-5.9890851974487305,0.0
1731413703.369755,5.556654371969827,-4.483867496630343,-0.8805371452735866,-5.9890851974487305,0.0
1731413703.4200315,5.55694406236757,-4.4838579726915535,-0.8798374484073057,-5.9890851974487305,0.0
1731413703.4696403,5.5568709058255,-4.4838496638618945,-0.8800070203891409,-5.9890851974487305,0.0
1731413703.520001,5.5570251918525955,-4.483825263430266,-0.8795634019656897,-5.9890851974487305,0.0
1731413703.5699997,5.5567139397399155,-4.483778641474185,-0.8802679788883642,-5.9890851974487305,0.0
1731413703.6200192,5.5566409000402635,-4.483824397759031,-0.8807561658482628,-5.9890851974487305,0.0
1731413703.669903,5.556752784648321,-4.483852280383641,-0.880814918841123,-5.9890851974487305,0.0
1731413703.7198381,5.556583814052753,-4.483943481265329,-0.8816867667334229,-5.9890851974487305,0.0
1731413703.7700317,5.556792568291956,-4.483910046557025,-0.8813145703140259,-5.9890851974487305,0.0
