timestamp,x,y,z,yaw,v_horizontal,v_vertical,omega,velocity,steering_angle
1734276919.9677696,-11.779442077055062,-14.495220698033497,5.0840085775482945e-31,0.4816512317513438,1.5060493400727224,-0.6328105188421153,-0.8612108998015297,0.0,-0.25107473134994507
1734276919.9927692,-11.738536511157386,-14.492016797243231,-1.0508805091505554e-30,0.4598225787132725,1.5248777438487853,-0.6527442715669571,-0.8695106336415169,0.0,-0.25107473134994507
1734276920.0177372,-11.743952552828304,-14.471339656057625,-3.0632766217228753e-31,0.4309138740968881,1.5283038483713403,-0.6470238732598107,-0.873103475570319,0.0,-0.25107473134994507
1734276920.0427363,-11.704625665885033,-14.45055529944006,-6.34178918143898e-31,0.38397362362794535,1.5553782918181571,-0.6550757019924495,-0.8791716324573183,0.0,-0.25107473134994507
1734276920.0677211,-11.662430339220853,-14.451505630857763,-1.181272246263822e-30,0.3618259970622626,1.569555722828343,-0.6764571345337723,-0.884220983135177,0.0,-0.25107473134994507
1734276920.0927446,-11.619243581802483,-14.453758100627528,-5.885760138517971e-31,0.33947311877419134,1.5919353687946125,-0.7001306395246176,-0.8888661121328857,0.0,-0.25107473134994507
1734276920.1177094,-11.663072662555697,-14.436792077118044,-1.242033120880768e-30,0.337419846220358,1.5587808003069634,-0.6877894517352504,-0.8908751144606816,0.0,-0.25107473134994507
1734276920.1427064,-11.631071994157779,-14.427599383844134,-5.837407768389378e-32,0.3028867700759968,1.5743933972888426,-0.702560764374829,-0.9014873816542175,0.0,-0.25107473134994507
1734276920.1677153,-11.588061089354643,-14.432798791659016,-2.9720677060726492e-30,0.27985080444013477,1.5920511756955118,-0.7229897759855543,-0.915122963876834,0.0,-0.25107473134994507
1734276920.1927197,-11.60007817207551,-14.417019618076266,3.8951708143399463e-31,0.26753520502289035,1.5734661895956938,-0.7160476485107653,-0.9247579174524263,0.0,-0.25107473134994507
1734276920.2177072,-11.557411673717601,-14.424401384057719,1.9662993335489913e-30,0.2444044836367883,1.5837959377473738,-0.7427659430003486,-0.9254073733299588,0.0,-0.25107473134994507
1734276920.242703,-11.569160230484014,-14.410971991202688,-1.7622306425039676e-30,0.2208426178386596,1.572090696636603,-0.7456389833554777,-0.9223795179959086,0.0,-0.25107473134994507
1734276920.26796,-11.525850219440361,-14.420908689774077,-3.1713785054506825e-30,0.1975197729602414,1.5935292616190817,-0.7703828944599908,-0.9231050332800008,0.0,-0.25107473134994507
1734276920.2927008,-11.538409350627381,-14.406536840688165,-6.546041276562198e-31,0.17493350296307628,1.5838459459011875,-0.7645691041560481,-0.9292709618216006,0.0,-0.25107473134994507
1734276920.3177059,-11.510553814326169,-14.41221581035447,1.314986944352248e-30,0.13017731659948284,1.5971001470737538,-0.7816656750135326,-0.9343121181182359,0.0,-0.25107473134994507
1734276920.3426843,-11.468221050886932,-14.426817709255088,-4.101203813924206e-31,0.1067347897507398,1.6154834948772205,-0.8084530590435052,-0.9372281588011316,0.0,-0.25107473134994507
1734276920.367697,-11.425799617436175,-14.442860116628049,-2.13929687971792e-30,0.08337089641140592,1.6320009776189335,-0.831382209704493,-0.9356137759395929,0.0,-0.25107473134994507
1734276920.3926845,-11.473879814504317,-14.417930933225032,3.2921661945855565e-31,0.08362776950042995,1.592897378976771,-0.8201042361836436,-0.9308501141717179,0.0,-0.25107473134994507
1734276920.4176996,-11.431941165332516,-14.435416054678452,-5.228050066327898e-32,0.06010179958063102,1.6177897964351622,-0.846499809372508,-0.9375369265953192,0.0,-0.25107473134994507
1734276920.4426818,-11.446721642280346,-14.425715843682683,-1.0136744944679075e-30,0.03846729099626867,1.5962891277956768,-0.8471520457392108,-0.9477221876594975,0.0,-0.25107473134994507
1734276920.46771,-11.408201907360278,-14.439062079507258,1.5319850924742076e-31,-0.008005605219319811,1.6106104362916895,-0.8663971245733726,-0.9476769701022231,0.0,-0.25107473134994507
1734276920.4927087,-11.367766183318011,-14.46189131746597,8.054350499495789e-31,-0.03199292085464255,1.6319239536796393,-0.9033095687694093,-0.9559168116995467,0.0,-0.25107473134994507
1734276920.5177333,-11.373815069019415,-14.451952156513553,-4.495171025114439e-30,-0.054585443249147506,1.624316609926178,-0.9102265233957716,-0.9668254382040451,0.0,-0.25107473134994507
1734276920.5426977,-11.33456338080092,-14.477118937082205,-2.3560688980769526e-30,-0.07903784970085949,1.6388766866253135,-0.9354848171421632,-0.9756140679933747,0.0,-0.25107473134994507
1734276920.5676785,-11.343384909712984,-14.46541192298658,3.5700594368316003e-31,-0.10427078135847447,1.6162130889983792,-0.9306754428271994,-0.9844014519332928,0.0,-0.25107473134994507
1734276920.5926867,-11.305367329519772,-14.492975594141349,3.530444029251934e-30,-0.12890555335272635,1.634787068644598,-0.9530660516328555,-0.9848645315076836,0.0,-0.25107473134994507
1734276920.617697,-11.315258919000774,-14.484315642999686,1.12663125131774e-30,-0.13957918567637775,1.6171073677218681,-0.9610930523732207,-0.9846077884592596,0.0,-0.25107473134994507
1734276920.6426084,-11.278574627894011,-14.514082748108091,-2.8046076099831707e-30,-0.16447153352437252,1.6339727373863626,-0.9894373923324633,-0.994744123614714,0.0,-0.25107473134994507
1734276920.667633,-11.288717173296472,-14.500665304384354,-8.995046535887795e-31,-0.1752818470998028,1.6095532093927025,-0.9899510762812724,-1.0017655212548644,0.0,-0.25107473134994507
1734276920.6926048,-11.258891933120958,-14.523596162648547,-8.543851827641628e-32,-0.2250082465768957,1.621576156876954,-1.00807104463812,-1.0105026477893813,0.0,-0.25107473134994507
1734276920.7175992,-11.224985362899872,-14.557819739329254,1.7894455006017983e-30,-0.2500168466473279,1.636702837617092,-1.0406702089977447,-1.003599901088436,0.0,-0.25107473134994507
1734276920.7425966,-11.227557014621295,-14.537745092186665,-2.1793521577251167e-30,-0.27772935641503477,1.6256573751519097,-1.0400898717444147,-0.9943959590655486,0.0,-0.25107473134994507
1734276920.7675798,-11.195998182448193,-14.573815830383632,-3.1456056230048e-30,-0.302569966464743,1.628932608911073,-1.0609468948083876,-0.994325053393762,0.0,-0.25107473134994507
1734276920.7926729,-11.197086839684559,-14.555617305400773,3.1932042006197716e-30,-0.3266824994796567,1.6156171081133621,-1.0658240342330718,-1.002880945416036,0.0,-0.25107473134994507
1734276920.817595,-11.16744403994016,-14.594096837251216,-5.285156315070005e-30,-0.3520696754173405,1.6301786826158398,-1.0944496715306258,-1.0138047096061562,0.0,-0.25107473134994507
1734276920.8425767,-11.175953137119357,-14.57673375374122,-1.1672941374556046e-31,-0.36306177525556693,1.610022516973793,-1.0925754429836905,-1.0203000859997766,0.0,-0.25107473134994507
1734276920.867579,-11.148213352635034,-14.617128728777192,1.2808002634211257e-30,-0.38857034706793675,1.6213858133739472,-1.1264796654616716,-1.0202662513361531,0.0,-0.25107473134994507
1734276920.892553,-11.15982652106852,-14.589734000987356,-2.368708909139675e-30,-0.40170563907765455,1.5961978026836794,-1.1154048192821138,-1.0256459781925031,0.0,-0.25107473134994507
1734276920.9175806,-11.127833209737874,-14.60723762413626,2.032036380390462e-30,-0.4547827246962837,1.6135199974907861,-1.1256091657695548,-1.0362923653797338,0.0,-0.25107473134994507
1734276920.9425526,-11.10407196503734,-14.65057432640368,2.0163049578342156e-31,-0.4808516719105356,1.6267809233431938,-1.1545020737997744,-1.0415912451219593,0.0,-0.25107473134994507
1734276920.96756,-11.103048227400253,-14.630058544926865,-1.4986126284783322e-31,-0.5075462935805773,1.6083172510062893,-1.1505435477103103,-1.03865624723389,0.0,-0.25107473134994507
1734276920.9925616,-11.081943575675535,-14.675078618254904,-1.106828130846251e-30,-0.5334455395017158,1.6216503061053724,-1.1783952804040694,-1.0367462458783057,0.0,-0.25107473134994507
1734276921.0175347,-11.07669005494507,-14.648766552033639,7.576159799419107e-31,-0.5600604125797185,1.609650096846683,-1.1757952845829627,-1.036233424170092,0.0,-0.25107473134994507
1734276921.0425518,-11.058477975568815,-14.69544388702327,-4.4096820077199644e-30,-0.585858026658289,1.6197685467136183,-1.2077576823279064,-1.0327355273997891,0.0,-0.25107473134994507
1734276921.0675256,-11.064772290849568,-14.675082774917362,-4.771676216240571e-31,-0.595751000758972,1.5989338076784112,-1.2082686800004805,-1.040509678844812,0.0,-0.25107473134994507
1734276921.0925264,-11.053351357937302,-14.693526816729442,-7.225593810803076e-31,-0.6340040170428717,1.6027580181972851,-1.2180889852369725,-1.048838066207242,0.0,-0.25107473134994507
1734276921.1175115,-11.038971322400021,-14.742507803205662,3.164262869589983e-30,-0.6604685606463795,1.6269793380940512,-1.2510149875407117,-1.0560433467551267,0.0,-0.25107473134994507
1734276921.1425242,-11.029209616361145,-14.727369315836537,-6.038445046201402e-31,-0.6858827294870083,1.6176497379703072,-1.2571637067090646,-1.070021872869538,0.0,-0.25107473134994507
1734276921.1675065,-11.017818160388462,-14.777649276350422,-6.471124451172235e-30,-0.7127359016696055,1.6359184738682386,-1.2867184915195777,-1.0734026122078009,0.0,-0.25107473134994507
1734276921.1925318,-11.006753614205124,-14.75326446002791,1.415503782276022e-30,-0.7408870154512657,1.6118006296492293,-1.284537450657687,-1.0671466741567739,0.0,-0.25107473134994507
1734276921.2175062,-10.998871014405324,-14.804509244546805,-4.149952761927115e-30,-0.767579496213339,1.6264502393984066,-1.3176156478852865,-1.0682912111012068,0.0,-0.25107473134994507
1734276921.2425933,-10.980645936444411,-14.783482392387612,6.418922016765374e-32,-0.7942711325884974,1.6157792941731925,-1.308412384109265,-1.0695926290259405,0.0,-0.25107473134994507
1734276921.2674706,-10.975762279766263,-14.835394898863681,-4.7584911307617646e-31,-0.820993764161851,1.6330211166881956,-1.3399881305024441,-1.0727628692098319,0.0,-0.25107473134994507
1734276921.2925398,-10.963163060656342,-14.81788412813513,4.021216082451363e-31,-0.8453027308305702,1.6190126203865818,-1.3309352896316131,-1.0633917104722066,0.0,-0.25107473134994507
1734276921.3174996,-10.9614750192682,-14.870438813775241,1.805743014838623e-30,-0.8716572493235343,1.6309107086907502,-1.3629329626026838,-1.0581829983760924,0.0,-0.25107473134994507
1734276921.3424945,-10.95377323775768,-14.847978441911454,3.1015988860426004e-31,-0.883719088113121,1.6098363742229762,-1.3619334774438376,-1.065637320359128,0.0,-0.25107473134994507
1734276921.367473,-10.954563017445002,-14.901068451116474,-3.1954929045632285e-30,-0.9108344901494505,1.628519826964095,-1.391500464586191,-1.0794666613814086,0.0,-0.25107473134994507
1734276921.3924916,-10.940893746202713,-14.875733959849981,1.4314922955987191e-30,-0.9229781646354853,1.6056422059687758,-1.382343037537143,-1.093511876115827,0.0,-0.25107473134994507
1734276921.4174945,-10.944727230725059,-14.929082313919196,-1.7026084661257983e-31,-0.9503647172855292,1.618092902788334,-1.4216577898879426,-1.0947764348383877,0.0,-0.25107473134994507
1734276921.4424741,-10.926777904000636,-14.915153468408281,-2.356298121884411e-30,-0.9776142231095402,1.60427142193382,-1.4149602652664457,-1.0928894963923557,0.0,-0.25107473134994507
1734276921.469194,-10.934476366307042,-14.972342692233216,-2.7680080108630716e-31,-1.0066878404833401,1.6205156651249495,-1.4528374311878818,-1.0894106165294863,0.0,-0.25107473134994507
1734276921.4924707,-10.912523633457058,-14.95016405853218,-4.446437946913351e-31,-1.0303449908581952,1.599238150746161,-1.4398574759304807,-1.0849884550565023,0.0,-0.25107473134994507
1734276921.5174615,-10.903774265033983,-14.98726492031326,1.4038259603558974e-31,-1.0853278596534617,1.6053622709494457,-1.4623065172720295,-1.0854383034337158,0.0,-0.25107473134994507
1734276921.5424824,-10.917547041156709,-15.03986788735492,-3.999409716977708e-30,-1.1123152762890058,1.6124081256598108,-1.490732363025378,-1.0806788972583574,0.0,-0.25107473134994507
1734276921.5674474,-10.898423674758961,-15.027346059040418,3.176033319132446e-30,-1.1398032229168096,1.5974810561364463,-1.4916786297419464,-1.086487618355839,0.0,-0.25107473134994507
1734276921.5924475,-10.915967439743122,-15.079742600984135,-5.125004128895049e-30,-1.1673928991307063,1.6138084459656867,-1.529650693272961,-1.09837357975753,0.0,-0.25107473134994507
1734276921.6174347,-10.907424334932083,-15.052627028183101,-3.945652544699554e-31,-1.1773365667828484,1.5836136910246976,-1.5293551764528845,-1.1037545493395504,0.0,-0.25107473134994507
1734276921.6424496,-10.927976685426257,-15.104105318374911,-2.031516173552389e-30,-1.2050163427022051,1.59352778507849,-1.5663299934221941,-1.105685774809429,0.0,-0.25107473134994507
1734276921.667425,-10.904781345062354,-15.081412565837079,-2.4283773926172076e-31,-1.2198019522353287,1.5624551659159047,-1.5497167853139955,-1.1050323121827075,0.0,-0.25107473134994507
1734276921.6924455,-10.928064818082442,-15.131843392625774,2.875924205860045e-30,-1.2475769987723586,1.5758491595037465,-1.5852667085520462,-1.1085471728465992,0.0,-0.25107473134994507
1734276921.7174141,-10.89461691554472,-15.116060517838562,-1.1481916017898395e-31,-1.2772837127242826,1.5602489053742827,-1.5614360931057158,-1.1127442880317315,0.0,-0.25107473134994507
1734276921.7424319,-10.895335440199128,-15.156824049885,2.6114969080514687e-30,-1.33113804342648,1.5818018549520827,-1.5839526284758245,-1.1122330196023091,0.0,-0.25107473134994507
1734276921.7673993,-10.924624294712231,-15.204786421502456,-4.294886416821252e-30,-1.3585342440579111,1.5942370622591062,-1.6164271940468435,-1.101854928242143,0.0,-0.25107473134994507
1734276921.7924218,-10.895954842768623,-15.196724957981516,1.3425357288811126e-30,-1.385358764458661,1.5755077756189775,-1.6023206793526796,-1.0985637567988717,0.0,-0.25107473134994507
1734276921.8174078,-10.92828724890645,-15.242752807264015,-3.51613031482226e-31,-1.4129527725685722,1.5819586851706042,-1.6326069134071908,-1.1025997125205311,0.0,-0.25107473134994507
1734276921.843366,-10.894442708053967,-15.243235274412239,1.8022214562981223e-30,-1.4403700303761806,1.5602845423254912,-1.6120926021649624,-1.0969076671664593,0.0,-0.25107473134994507
1734276921.8673863,-10.92865336834214,-15.285558160577821,2.334868763747547e-30,-1.4667201373373102,1.5671184264176945,-1.651965625604749,-1.096960673093588,0.0,-0.25107473134994507
1734276921.892417,-10.896217913925128,-15.259701583956547,-2.3918627627640363e-30,-1.4664630126198301,1.5368647459748987,-1.6396152093159608,-1.1036999998471742,0.0,-0.25107473134994507
1734276921.9175017,-10.899231648914006,-15.275666376389678,-2.4704619043002127e-30,-1.4921286089201489,1.5302429302413898,-1.6442186525464193,-1.1019929271432276,0.0,-0.25107473134994507
1734276921.9423752,-10.90269084273358,-15.29318736621084,2.015709766637487e-30,-1.5199535441665133,1.5241649538494026,-1.6496653867816573,-1.1024481333531755,0.0,-0.25107473134994507
1734276921.9674294,-10.942137854200011,-15.333707851463267,1.6732228844122417e-30,-1.5469013290059113,1.5366553455479428,-1.6772212150301693,-1.0837188954551902,0.0,-0.25107473134994507
1734276921.9924028,-10.914591834188238,-15.324507442249969,2.5918720299400648e-30,-1.5741521747470837,1.5092290443002832,-1.6613690436734785,-1.0861118699979597,0.0,-0.25107473134994507
1734276922.0173736,-10.927528975747878,-15.362195102379074,1.4815794538632728e-31,-1.6262375592928366,1.5211252796833397,-1.678795339124239,-1.103431193331016,0.0,-0.25107473134994507
1734276922.0433066,-10.97372392896548,-15.39905587252629,-2.8141776497745242e-30,-1.6552240061839472,1.5256059410883822,-1.7160212277472982,-1.113615107605627,0.0,-0.25107473134994507
1734276922.0673833,-10.95309727730588,-15.390934107105513,-5.140942942711836e-31,-1.6814163145588885,1.507318369164127,-1.708024569551976,-1.1145656485620035,0.0,-0.25107473134994507
1734276922.0923662,-10.999895148909804,-15.423722806235244,-1.7247057282328476e-30,-1.708745545163445,1.5155441125940474,-1.7379690406033765,-1.1000356496461536,0.0,-0.25107473134994507
1734276922.1173742,-10.966458231366946,-15.420620386430105,1.7489988230723403e-30,-1.723179218151699,1.4961255911603129,-1.727698033331801,-1.0914815580478363,0.0,-0.25107473134994507
1734276922.1423464,-11.015278008196407,-15.45064163650823,-4.939147167088401e-30,-1.7505521352745494,1.495888580494202,-1.7657458561146706,-1.0947129019508657,0.0,-0.25107473134994507
1734276922.1673357,-10.982798606503428,-15.445571416835177,-7.501476925051657e-31,-1.76123719095533,1.4619734065044976,-1.751791745640228,-1.1065495076054155,0.0,-0.25107473134994507
1734276922.1924257,-11.005800224592887,-15.480042861277667,-1.2821494735025586e-30,-1.8150208692322363,1.4620620618133482,-1.7621848923419825,-1.1130181778238772,0.0,-0.25107473134994507
1734276922.2173367,-11.057337022962491,-15.504750763218961,2.9250780385727075e-30,-1.8423870819991663,1.4651423076269368,-1.7904472104974392,-1.1030122081696283,0.0,-0.25107473134994507
1734276922.2432828,-11.025078636578,-15.516071523173817,2.8822812845813763e-30,-1.8702300380357992,1.4521209059773423,-1.7723577080074966,-1.102325631944512,0.0,-0.25107473134994507
1734276922.2682834,-11.078760181703418,-15.53752950161234,-1.2805399396135942e-30,-1.8983247180348326,1.4565318817289479,-1.8119452083331795,-1.117004116584045,0.0,-0.25107473134994507
1734276922.2932634,-11.042445136882227,-15.552709947774224,-1.8016802835165376e-30,-1.9239399055005624,1.4416543718256203,-1.788401769554989,-1.1225425250301144,0.0,-0.25107473134994507
1734276922.3173423,-11.095166932337918,-15.570145236217602,-7.068788031823934e-32,-1.9509216177928572,1.44217108029581,-1.8217577344131684,-1.1211967447236804,0.0,-0.25107473134994507
1734276922.3432612,-11.073865078041946,-15.58183493730907,4.612385197013071e-31,-1.97891612220635,1.427703171192992,-1.8102202711050304,-1.1162715656100077,0.0,-0.25107473134994507
1734276922.3673155,-11.127750873215568,-15.596030401074694,-1.2678944871771993e-30,-2.00560698177277,1.4326680678377546,-1.841605752554833,-1.1118170773908558,0.0,-0.25107473134994507
1734276922.3934057,-11.089787686912462,-15.606987864873627,9.165345100307874e-31,-2.018162182955226,1.4076468564981965,-1.818635387246906,-1.110421961297325,0.0,-0.25107473134994507
1734276922.4173052,-11.105147728022795,-15.627926292052141,-1.2550758842253326e-31,-2.0549527423174183,1.409562250935936,-1.8287795776529598,-1.1112817741009218,0.0,-0.25107473134994507
1734276922.443244,-11.164467566598487,-15.638062468787444,-2.512077149698106e-30,-2.0840968305511116,1.413733583864862,-1.8628378484722627,-1.1201671333060979,0.0,-0.25107473134994507
1734276922.4682531,-11.135466707237809,-15.658783329125239,1.2188439752051784e-30,-2.1113129033596882,1.4011811480292857,-1.8404861214783697,-1.134021343728625,0.0,-0.25107473134994507
1734276922.4932408,-11.193024825233124,-15.664843305585963,-1.3210388074233655e-31,-2.139772254851125,1.4002370245623665,-1.87107755346403,-1.1374303760386475,0.0,-0.25107473134994507
1734276922.5172985,-11.162294261887984,-15.688229537448462,1.9013963865169557e-30,-2.1682381335551772,1.3871912917728733,-1.8497540065482898,-1.1234670589955458,0.0,-0.25107473134994507
1734276922.543238,-11.222628842232075,-15.690723445086272,-2.305357881556742e-30,-2.197494756563957,1.390785413499409,-1.886845161551618,-1.1266518576995446,0.0,-0.25107473134994507
1734276922.5672767,-11.178903964146109,-15.705789430417171,-2.445234428029081e-31,-2.2093010729051668,1.362336703176626,-1.8557492231211028,-1.1279995659082678,0.0,-0.25107473134994507
1734276922.59325,-11.239309452025749,-15.705211105874186,1.83647721673323e-30,-2.23859643658265,1.3685813993661022,-1.8962184854377988,-1.1279292199700253,0.0,-0.25107473134994507
1734276922.6172607,-11.199541394690428,-15.724396085302558,-1.7320481735469655e-30,-2.2529087412251023,1.3519644089736929,-1.8643422560854697,-1.1265818701763393,0.0,-0.25107473134994507
1734276922.643241,-11.259572234269424,-15.721079615670979,2.0949663673761175e-30,-2.2818211575570864,1.3592215129554486,-1.8955692996839468,-1.1166693425124825,0.0,-0.25107473134994507
1734276922.6682055,-11.234131226479379,-15.75466336285644,1.9004145662084343e-30,-2.3094748235173297,1.3579220058151886,-1.8690106780481521,-1.1223877067710502,0.0,-0.25107473134994507
1734276922.6932313,-11.291713018475628,-15.747826843049404,-7.8039381178304826e-31,-2.3381695008581107,1.3570069921291659,-1.9022912427131788,-1.1392156762386232,0.0,-0.25107473134994507
1734276922.7181838,-11.26141477350086,-15.776135053416683,3.0652734996175675e-31,-2.365509757709119,1.3387272105787986,-1.8736102463255229,-1.1499720153882578,0.0,-0.25107473134994507
1734276922.7432091,-11.31819974814458,-15.765481029356815,3.494776153755332e-31,-2.3940038294982555,1.3318388973559876,-1.9090947254305635,-1.1420690456502454,0.0,-0.25107473134994507
1734276922.7681859,-11.29632237430845,-15.797825571352277,-4.806139009780307e-31,-2.4243802112742507,1.3156801342091307,-1.8846625315978613,-1.133977884565936,0.0,-0.25107473134994507
1734276922.7932045,-11.33616387000863,-15.823253290653016,-1.0796677834107467e-30,-2.478987013343151,1.336996383484828,-1.8830613342044351,-1.1371254535882422,0.0,-0.25107473134994507
1734276922.8181603,-11.391652710211844,-15.806622673227617,4.100280984390771e-30,-2.5076908848574044,1.343477221002647,-1.9122212305108321,-1.1461880283346193,0.0,-0.25107473134994507
1734276922.8431947,-11.380785759546796,-15.854408315985031,1.6192506078159747e-30,-2.534355244222998,1.3416327767717455,-1.8840789175304866,-1.147811698991332,0.0,-0.25107473134994507
1734276922.8681836,-11.435252598527505,-15.834587090124007,-2.370282847405407e-30,-2.562511443894529,1.342091685297682,-1.9139916328739688,-1.1331916141969658,0.0,-0.25107473134994507
1734276922.89316,-11.412345872485181,-15.87001285273368,1.2155174838799259e-30,-2.5896902704385316,1.3329258517761469,-1.884959405812145,-1.129847535953955,0.0,-0.25107473134994507
1734276922.9181619,-11.46560988150505,-15.846905493783618,-7.0534370230823205e-31,-2.618264341394255,1.3347127470721267,-1.9191027993652894,-1.1389059067820497,0.0,-0.25107473134994507
1734276922.9432058,-11.438680146823312,-15.877256077107036,-4.462236798130758e-31,-2.629213367075596,1.3137543954154676,-1.8898768715479872,-1.1437408669694504,0.0,-0.25107473134994507
1734276922.9681697,-11.466699997273926,-15.881682214719262,6.906101790188763e-31,-2.669001557435715,1.3133790048484055,-1.9006467409175656,-1.143816170095975,0.0,-0.25107473134994507
1734276922.9931386,-11.517603391882723,-15.854217437748428,-3.0514534317627376e-30,-2.6975803512992838,1.317264992071312,-1.9282808767525257,-1.1443447656228094,0.0,-0.25107473134994507
1734276923.0191748,-11.520030169740687,-15.89977097080261,2.5639430012399625e-30,-2.7241668317008987,1.3101643280187834,-1.9047395834912777,-1.1365088514623136,0.0,-0.25107473134994507
1734276923.0431383,-11.567541633888938,-15.870627623781179,-2.939065450708069e-30,-2.7511729883658895,1.317571327613789,-1.9339810324597,-1.1301660431049927,0.0,-0.25107473134994507
1734276923.0681572,-11.568220821178754,-15.920527093711623,6.951105453657978e-31,-2.774142211879568,1.3126407337348587,-1.8955765926500976,-1.1257460149210263,0.0,-0.25107473134994507
1734276923.0931497,-11.615907586191675,-15.887749286447168,3.467127551787605e-30,-2.802309357983471,1.3134183220709552,-1.9260574254230918,-1.1266348654415022,0.0,-0.25107473134994507
1734276923.1181371,-11.609093437214474,-15.92759602578281,2.513250617471907e-31,-2.8305069218848815,1.2987510802949738,-1.8923382707213319,-1.1305130060150737,0.0,-0.25107473134994507
1734276923.143143,-11.654561420780762,-15.891997691262366,2.416263215877849e-30,-2.858909735238272,1.2986055866123096,-1.9254534040961706,-1.1342212647724796,0.0,-0.25107473134994507
1734276923.168131,-11.6370930415174,-15.93336456727894,-4.430683171560418e-31,-2.869375992910214,1.2791438338430614,-1.8972706580061056,-1.1248169894030033,0.0,-0.25107473134994507
1734276923.1931345,-11.66357461355971,-15.934517200345683,-1.7662657139880327e-30,-2.9081843875953393,1.2795531028970282,-1.9025482601321564,-1.1170188196892092,0.0,-0.25107473134994507
1734276923.2181282,-11.705854018746969,-15.895323785764173,-1.4833643483392519e-30,-2.936011287936965,1.2835346210626162,-1.9340199892934233,-1.1144764485312453,0.0,-0.25107473134994507
1734276923.2431626,-11.703597407773605,-15.933519358032628,4.47605269533497e-31,-2.9652579230690286,1.269173514041727,-1.9069691401825217,-1.124815632119709,0.0,-0.25107473134994507
1734276923.268114,-11.743124468839115,-15.892311756789551,-1.3349348206571646e-30,-2.993805301710626,1.2718778223889935,-1.9278435571566495,-1.138199935406247,0.0,-0.25107473134994507
1734276923.293149,-11.742427001426641,-15.935671239323954,3.892704624289492e-30,-3.022076743495377,1.2594060047795115,-1.8876095125552128,-1.1229284650798608,0.0,-0.25107473134994507
1734276923.3181078,-11.779511773037134,-15.891797836959071,5.0101356768019354e-30,-3.0500648500265317,1.2648257774119334,-1.9286161956812538,-1.1218475840994726,0.0,-0.25107473134994507
1734276923.3431258,-11.781310574732702,-15.935140207746157,-4.65570235294395e-30,-3.0754833434572393,1.2560920577505332,-1.8926354289545086,-1.1385629596477926,0.0,-0.25107473134994507
1734276923.3680816,-11.815840827884752,-15.889894559431506,1.7930192316458105e-30,-3.1040069889567734,1.261737467790526,-1.9187363968192772,-1.1416194131758475,0.0,-0.25107473134994507
1734276923.3930874,-11.82589004837077,-15.923358675897099,1.54790509858315e-30,-3.13020201020849,1.2487281097326264,-1.8909106051982143,-1.1320486164630656,0.0,-0.25107473134994507
1734276923.4181151,-11.85783991660753,-15.876277976010808,2.397848174926483e-31,3.1252405906091703,1.2544682952319393,-1.9146816602607022,-1.1156634916684536,0.0,-0.25107473134994507
1734276923.4431803,-11.858846653395995,-15.92356969828877,1.7849876653589346e-30,3.1132807656359773,1.2443004952787653,-1.8818053669505177,-1.108692530573325,0.0,-0.25107473134994507
1734276923.4680855,-11.888323140710968,-15.875334585382825,-2.3437175652973937e-30,3.0851461125156545,1.2440677014159893,-1.9143153780501936,-1.123213972946424,0.0,-0.25107473134994507
1734276923.4930727,-11.881912997252376,-15.91101128054314,-1.2345158733685232e-30,3.074553939498033,1.2182810491443952,-1.8864909297687513,-1.1323376748523555,0.0,-0.25107473134994507
1734276923.518066,-11.90912211604547,-15.861628025299481,-1.9231763753907946e-31,3.0464778961976897,1.2205103571591966,-1.914721574190677,-1.1260924001409263,0.0,-0.25107473134994507
1734276923.5431015,-11.918003797555416,-15.892700563463912,5.0602450317417706e-31,3.0186795130376103,1.212334096314067,-1.8867732844556986,-1.1235515645896257,0.0,-0.25107473134994507
1734276923.5680704,-11.952954994319484,-15.878707788713612,7.981567791950781e-31,2.9630431008314293,1.2257206553882802,-1.890011403344746,-1.1342317264979087,0.0,-0.25107473134994507
1734276923.593058,-11.974657543471766,-15.826466517870465,-4.758577270858886e-31,2.9343597781575568,1.229141182834629,-1.9183429809392019,-1.1437264574307544,0.0,-0.25107473134994507
1734276923.6191947,-11.990997039655943,-15.860727783854834,7.967936677329182e-31,2.904066395529785,1.216077930538097,-1.8954676575997327,-1.1420787034763535,0.0,-0.25107473134994507
1734276923.643078,-12.008561868798832,-15.809824781443616,-4.404028304290113e-30,2.8768810760239534,1.2185769262021702,-1.9181009213657054,-1.1395445309816432,0.0,-0.25107473134994507
1734276923.6680312,-12.022542457824212,-15.84296638009556,1.9789885909860945e-30,2.8496274356233924,1.2069381454934258,-1.8815103797950319,-1.1314727284342723,0.0,-0.25107473134994507
1734276923.6930666,-12.037801049264907,-15.788752316586123,4.5244191315904034e-30,2.821489510957208,1.209196212170766,-1.9112051045897707,-1.1262189922215495,0.0,-0.25107473134994507
1734276923.7180402,-12.047789331533156,-15.82714132261079,-5.955406576992307e-31,2.8101695286468997,1.1973132197761749,-1.8763813058541556,-1.1212181393089566,0.0,-0.25107473134994507
1734276923.7430708,-12.060929402818134,-15.772573875297404,1.4022439294631435e-30,2.781719846184643,1.2054694979979166,-1.9042507270087263,-1.1319154244961374,0.0,-0.25107473134994507
1734276923.7680323,-12.072501256932421,-15.810730065130338,3.206524170724131e-31,2.77001580606224,1.190016863252308,-1.8779985383496274,-1.153915595748981,0.0,-0.25107473134994507
1734276923.7930405,-12.111412503611676,-15.786758997771532,-2.5970797022510378e-30,2.7104878934285734,1.2018551522913306,-1.8780851480349465,-1.1691419741308549,0.0,-0.25107473134994507
1734276923.8180315,-12.119087484904712,-15.731305923230416,6.492878247065902e-31,2.6813890351539573,1.2072344028822173,-1.9039551712376594,-1.1658291979624824,0.0,-0.25107473134994507
1734276923.8430448,-12.145106928946491,-15.765614989995912,9.329125067832602e-31,2.650998067219783,1.197989662474864,-1.8676601750617432,-1.1514652783601638,0.0,-0.25107473134994507
1734276923.86802,-12.149444607620472,-15.71005812599603,1.023974139879237e-30,2.6220708363649496,1.202865957967648,-1.8946408079052364,-1.1561632361161454,0.0,-0.25107473134994507
1734276923.8930206,-12.180069767282367,-15.74223028227721,4.6689436531229695e-31,2.594971933997142,1.1955934755674626,-1.8626627797827024,-1.1626286061266617,0.0,-0.25107473134994507
1734276923.9180183,-12.181475534905758,-15.68667440085521,-2.14809554470192e-30,2.5658175486766255,1.2031038727062136,-1.886549501191379,-1.1651665608061539,0.0,-0.25107473134994507
1734276923.9430149,-12.21765376873628,-15.717759215271574,1.2105056869901453e-30,2.536495860846177,1.2006110226073303,-1.8424042533225298,-1.150457410751694,0.0,-0.25107473134994507
1734276923.968011,-12.215871258557655,-15.661948623959196,5.106241754731018e-30,2.508072415110366,1.2101956234775315,-1.8813005419763613,-1.1411911499212233,0.0,-0.25107473134994507
1734276923.9930243,-12.237704442439169,-15.691390546137443,-3.385967036311047e-30,2.49464757492081,1.1967369867156463,-1.8558248129208401,-1.156336017011357,0.0,-0.25107473134994507
1734276924.0179975,-12.260183019944968,-15.663901764173142,-1.576184217833985e-30,2.4516344443434193,1.2073804438212725,-1.8581972950688372,-1.1747638173909276,0.0,-0.25107473134994507
1734276924.042992,-12.253655267959157,-15.608376780239109,3.760535044247915e-31,2.4219738936629263,1.214674509264294,-1.891326820365629,-1.1830422711877744,0.0,-0.25107473134994507
1734276924.0680497,-12.289911976308415,-15.628365916549422,-1.7455584162600505e-30,2.3911836461271534,1.208300741068965,-1.8562460913141108,-1.1738288683614861,0.0,-0.25107473134994507
1734276924.0929859,-12.280203404629166,-15.573791184164662,2.7055578588637663e-30,2.362214229372965,1.211641696235856,-1.8825754766187164,-1.1654532409333842,0.0,-0.25107473134994507
1734276924.118,-12.316837548912071,-15.594160061914549,9.183846796115874e-31,2.3343581719021316,1.2030857831369948,-1.8500317015593428,-1.1709945150626768,0.0,-0.25107473134994507
1734276924.1429737,-12.3040704390622,-15.540075484719313,3.735781100421077e-31,2.3051590221785294,1.2107529855426844,-1.880003073941349,-1.169748449296581,0.0,-0.25107473134994507
1734276924.1680727,-12.332014518238282,-15.575873799436687,-8.49662659430538e-31,2.3051307676463075,1.1932565852050538,-1.8408156352868532,-1.165576992806772,0.0,-0.25107473134994507
1734276924.192977,-12.348027645248587,-15.547164801415605,1.364944427058748e-30,2.2620970024552003,1.206273331744574,-1.8437289249704423,-1.166734537548208,0.0,-0.25107473134994507
1734276924.2179708,-12.331508226760704,-15.494177018830394,-1.1638885574779336e-30,2.2331363178791506,1.2139820099876635,-1.873803968812347,-1.1611535539281082,0.0,-0.25107473134994507
1734276924.2429569,-12.372455573728091,-15.506442415550485,-7.722606259642481e-31,2.191608619558904,1.20869747272949,-1.8402240844185869,-1.1565068397694795,0.0,-0.25107473134994507
1734276924.2679486,-12.352316340928411,-15.454924014219145,9.81539940355252e-31,2.162571678767491,1.2123784137525397,-1.8685500829186643,-1.1602263887199868,0.0,-0.25107473134994507
1734276924.2929533,-12.391872666941445,-15.466861947556716,-3.2527947436849883e-31,2.1345273465462196,1.2024684902369407,-1.8315926382916454,-1.1643762941580744,0.0,-0.25107473134994507
1734276924.317945,-12.36899130531395,-15.416736023239768,3.09527291127128e-30,2.105192945524416,1.207793906699869,-1.8590087314852834,-1.1708955808641301,0.0,-0.25107473134994507
1734276924.342937,-12.406094746174853,-15.423806138058554,-4.249482343707197e-32,2.074693115245474,1.1952898011699113,-1.8296830280413374,-1.1661569377385943,0.0,-0.25107473134994507
1734276924.367941,-12.38029005758624,-15.374887545240757,3.286530520745914e-32,2.0457829664318634,1.2089021774797954,-1.8602261727482878,-1.1592559386032262,0.0,-0.25107473134994507
1734276924.3929524,-12.416812441771157,-15.389184765995767,-1.3926667806185141e-30,2.0177147074452435,1.2018690884888101,-1.8247886542808438,-1.1637352247491208,0.0,-0.25107473134994507
1734276924.4179316,-12.388458935469828,-15.34211060506963,2.1196856701504275e-30,1.9882698248399386,1.2101951419622694,-1.851715947715002,-1.174178981942039,0.0,-0.25107473134994507
1734276924.442942,-12.42255764551699,-15.352154775837015,7.041515639779262e-32,1.9756342128208542,1.205572399195403,-1.8224007850700095,-1.1778695665737762,0.0,-0.25107473134994507
1734276924.467935,-12.39260611603513,-15.306450507160221,-6.063724942038884e-31,1.9468334243810812,1.21235699243829,-1.8413644893644943,-1.160144687881599,0.0,-0.25107473134994507
1734276924.4929178,-12.426382103659295,-15.31792864564036,3.979201431193141e-30,1.9320829290713117,1.197122107597011,-1.8278424200809615,-1.1562913069321574,0.0,-0.25107473134994507
1734276924.5179431,-12.435587660518623,-15.27920210480938,-6.896365285352414e-30,1.8763867026589383,1.210218262529436,-1.8236770931898534,-1.1655224880297552,0.0,-0.25107473134994507
1734276924.542904,-12.401252066534793,-15.236731805874953,1.827665050634437e-30,1.8469925377713778,1.2138631124234922,-1.8433916670991113,-1.1739112998989856,0.0,-0.25107473134994507
1734276924.5679147,-12.440281282718185,-15.237709090424989,2.884745033744733e-30,1.8160456496825859,1.2024940457305413,-1.8078674913793389,-1.1737136390667329,0.0,-0.25107473134994507
1734276924.5929215,-12.403296004986755,-15.19741990459889,2.3625563648699605e-30,1.786985760294841,1.206309501492709,-1.836838568824091,-1.1656323217240203,0.0,-0.25107473134994507
1734276924.6179137,-12.440718517866888,-15.20167445510746,-1.1957129548628187e-30,1.7569511763163153,1.2079200300802682,-1.8042154550131164,-1.1774106396894037,0.0,-0.25107473134994507
1734276924.6429157,-12.401576879794272,-15.163325958148251,7.228893503940145e-31,1.7271700838732205,1.2185610888678193,-1.8333826409992682,-1.1869553255990375,0.0,-0.25107473134994507
1734276924.6678948,-12.440215928812044,-15.17141640038926,-5.6103667751321584e-31,1.7127258741052567,1.2116973652132328,-1.8069128305477102,-1.184566850529648,0.0,-0.25107473134994507
1734276924.6929028,-12.440199571153824,-15.142623535493035,-2.773800839212575e-30,1.6690526860742552,1.212150929948071,-1.796593520552231,-1.1738698544312058,0.0,-0.25107473134994507
1734276924.7178957,-12.398180602449465,-15.108036045604562,5.228847151210764e-30,1.6397659020919306,1.2172423221909399,-1.822265879305516,-1.172433879936297,0.0,-0.25107473134994507
1734276924.7431889,-12.435485909767863,-15.111447615008348,4.4943581775862505e-31,1.6134306025144696,1.2015056742869912,-1.7950704193945517,-1.1777359674118852,0.0,-0.25107473134994507
1734276924.7678752,-12.39252849244711,-15.079856795352057,-3.389086498914888e-30,1.5839302050901682,1.2078007238344854,-1.8126542624939683,-1.1895838660237108,0.0,-0.25107473134994507
1734276924.7928758,-12.427782877449951,-15.079222189000038,3.394574642220157e-30,1.554719726836689,1.200072573253918,-1.7827056375947095,-1.1904722923734388,0.0,-0.25107473134994507
1734276924.8178694,-12.382120310438989,-15.049768792548404,3.2481116821612037e-34,1.525302604810616,1.2091420873508611,-1.8155988700322225,-1.1811019843086554,0.0,-0.25107473134994507
1734276924.842871,-12.41675930269844,-15.054486879507685,-1.7208716002579356e-30,1.510415473867756,1.1979297601858079,-1.7950329528197662,-1.1794947313814883,0.0,-0.25107473134994507
1734276924.867879,-12.369981920489844,-15.027442949577612,-5.020086961395337e-30,1.4808782898203185,1.200496996190227,-1.818988623536039,-1.1806178904313451,0.0,-0.25107473134994507
1734276924.8928542,-12.408399695397456,-15.029486347207413,1.693286463898826e-30,1.4663183343044104,1.1848356257431547,-1.7894854959254014,-1.1826823525960528,0.0,-0.25107473134994507
1734276924.9178677,-12.391454544490779,-15.002979783734826,-2.8544519099057875e-31,1.4101638442165232,1.1941110538632536,-1.7972755762918227,-1.180264776679877,0.0,-0.25107473134994507
1734276924.9428349,-12.342266390912153,-14.980739477102835,-1.5748774880917952e-30,1.3809039358648996,1.1995243563502562,-1.820092746043818,-1.174483647076854,0.0,-0.25107473134994507
1734276924.9678705,-12.291454342293918,-14.959799352121466,2.9934124389286677e-30,1.3516292972377764,1.2071132499719395,-1.8480280662391257,-1.1718336834205865,0.0,-0.25107473134994507
1734276924.992835,-12.38070646368431,-14.965603911332757,-3.2462812707154237e-31,1.3515547294370427,1.1789562343467526,-1.783273641033144,-1.159185551737936,0.0,-0.25107473134994507
1734276925.017855,-12.365008093619739,-14.933796741972886,4.331319598430876e-31,1.2958625922321305,1.1945013838171683,-1.7846589515472204,-1.167224717418312,0.0,-0.25107473134994507
1734276925.0428395,-12.31350046664225,-14.917159428440645,2.285719321790523e-31,1.265926558812657,1.203807158592559,-1.814549290798582,-1.1887135583371142,0.0,-0.25107473134994507
1734276925.0678315,-12.345455597057288,-14.897617176884427,-7.6343015962828305e-31,1.2358093433990744,1.2084869306575385,-1.7903976306153693,-1.196042493236059,0.0,-0.25107473134994507
1734276925.09284,-12.293186251593257,-14.88350627992502,-3.6911665955061495e-30,1.206474670205055,1.221926580202672,-1.8096001139561733,-1.180023623414991,0.0,-0.25107473134994507
1734276925.1178436,-12.325059346191612,-14.881475690376451,2.7690175600736804e-30,1.19322791560629,1.2072082990669497,-1.78773715565338,-1.1626639921056605,0.0,-0.25107473134994507
1734276925.142876,-12.271787932465545,-14.86983839919529,-2.1256642594537973e-30,1.1641792935600765,1.2201561551169124,-1.818552508199397,-1.1611223294940796,0.0,-0.25107473134994507
1734276925.1678388,-12.305623108911353,-14.855828263073397,-1.1075994210362501e-30,1.1512885469929106,1.2119395860417952,-1.7909506699544766,-1.1675938450284657,0.0,-0.25107473134994507
1734276925.192858,-12.280387206129545,-14.827666893703197,-4.638576901584468e-31,1.0955636193247829,1.2245372449944667,-1.7951358555410826,-1.1665771934660554,0.0,-0.25107473134994507
1734276925.2178516,-12.22634261291021,-14.820871373155075,-1.6387007204836035e-31,1.0670297084772058,1.2354910387167901,-1.8171736145332567,-1.1492659920337827,0.0,-0.25107473134994507
1734276925.242844,-12.258730294488615,-14.803345275550715,2.2003963447505357e-30,1.040407131056153,1.2266028522507544,-1.7848801684987925,-1.1410134046227798,0.0,-0.25107473134994507
1734276925.2678306,-12.204038711826042,-14.799813083374334,1.981219440383712e-30,1.0113229297026969,1.2356092161885714,-1.8222472419167355,-1.156975161392935,0.0,-0.25107473134994507
1734276925.2928567,-12.22796678215477,-14.780397805553163,-3.765423360850803e-30,0.9847279096071989,1.24122227773308,-1.8007466529503964,-1.1712752624594498,0.0,-0.25107473134994507
1734276925.3177783,-12.173271109439643,-14.779579724554665,-1.923575629025582e-30,0.9555982926705778,1.2499860556895548,-1.8269392243625828,-1.1695928830610203,0.0,-0.25107473134994507
1734276925.3427901,-12.203641537001804,-14.769487097158565,8.535768786172812e-31,0.9419097888744005,1.2338907302167545,-1.8030039558425455,-1.154627400786942,0.0,-0.25107473134994507
1734276925.367814,-12.17956708795432,-14.755777296461105,-4.37508991783218e-31,0.9001132843659257,1.2393857974517046,-1.8043108728841732,-1.145531082562448,0.0,-0.25107473134994507
1734276925.3927677,-12.124785075165658,-14.75971363204073,2.025314424750624e-30,0.871555378889589,1.2479288044762316,-1.8321033661872537,-1.1447743864488804,0.0,-0.25107473134994507
1734276925.417783,-12.069326435525449,-14.76512259794601,-1.7063066072452975e-31,0.8427485157641796,1.2621450710906978,-1.8558661179470393,-1.1482579992454407,0.0,-0.25107473134994507
1734276925.442732,-12.145746415959065,-14.731348062005875,1.5847662505595004e-30,0.8447126185454438,1.2379172222848804,-1.7965352542000494,-1.1493559347496143,0.0,-0.25107473134994507
1734276925.467773,-12.114853579158542,-14.699428437290203,3.7520404828111407e-31,0.7845863798193041,1.2596657613246756,-1.8004547079680715,-1.1538630491632347,0.0,-0.25107473134994507
1734276925.4927711,-12.060270871238037,-14.708984869149774,-4.063624556150385e-30,0.7557717165902035,1.2766332649716923,-1.8282583489042663,-1.1530348391058993,0.0,-0.25107473134994507
1734276925.5188434,-12.0804715870793,-14.679560788357897,2.6014168419643675e-31,0.7276966669489453,1.2796715224897421,-1.799292111213208,-1.1307522049798469,0.0,-0.25107473134994507
